County Name ,State,Median Age ,PerCapita Income,Percent in Poverty,Population Density,Crime Index (Per capita)
Autauga,AL,31.7,15768,15.2,60.4,457
Baldwin,AL,35.5,16954,13.6,66.5,282
Barbour,AL,32.8,15532,25,28.8,47
Blount,AL,34.5,14820,15,62.4,185
Bullock,AL,31.7,11120,33,17.6,141
Butler,AL,33.5,12015,27.1,28.1,266
Calhoun,AL,32.7,15162,18,190.8,560
Chambers,AL,34.8,13887,18.8,62.1,218
Cherokee,AL,36.3,13936,15.4,35.8,51
Chilton,AL,34,14036,18.6,47.8,296
Choctaw,AL,32.9,13423,25,17.6,29
Clarke,AL,31.7,13750,24.4,22.4,105
Cleburne,AL,34.1,14168,15.6,23.2,203
Coffee,AL,34.1,17318,14.9,60.5,357
Colbert,AL,35.7,15705,15.3,88,330
Conecuh,AL,34.5,12876,27.4,16.6,171
Covington,AL,36.2,13921,21.6,35.7,239
Crenshaw,AL,35.9,13247,22.8,22.1,165
Cullman,AL,34.8,15261,15.4,94.4,247
Dale,AL,29.1,14569,17.2,88.9,201
Dallas,AL,31.1,13574,34.2,48.9,794
De Kalb,AL,34.9,14294,17.3,71.9,104
Elmore,AL,32.9,14789,15.9,84.3,357
Escambia,AL,33.9,13184,24.4,38,161
Etowah,AL,36,15324,17.9,186.8,616
Fayette,AL,35.6,13404,18.6,28.8,113
Franklin,AL,35.8,14777,18.1,44.7,99
Geneva,AL,36.4,15339,19.4,41.8,142
Greene,AL,31.3,11165,38.8,15.8,416
Hale,AL,31.8,11509,31.4,24.7,122
Henry,AL,35.4,14658,19.1,27.8,183
Houston,AL,33.1,17412,18,143.5,587
Jackson,AL,34.6,15484,16.1,45.3,250
Jefferson,AL,34.1,19892,18.6,589.7,740
Lauderdale,AL,34.7,16058,13.9,122,283
Lawrence,AL,32,13763,17.8,46.4,108
Lee,AL,26.2,14458,18.5,146.8,609
Limestone,AL,32.8,16384,14.6,99.8,189
Macon,AL,28.9,11402,35.3,40.1,669
Madison,AL,31.9,21029,12.9,310.9,722
Marengo,AL,32.5,13908,28.4,23.8,387
Marion,AL,35.7,13238,18,40.1,71
Marshall,AL,35.3,15857,14.7,129.3,381
Mobile,AL,31.9,15569,24.3,314.7,709
Monroe,AL,31.4,13997,21.6,23.4,164
Montgomery,AL,31.6,19618,20.4,270.9,631
Morgan,AL,33.6,18164,12.9,177.8,443
Perry,AL,30.2,10986,42.4,17.2,402
Pickens,AL,34.3,12687,25.7,23.7,181
Pike,AL,29.9,14447,25.6,41.9,114
Randolph,AL,34.9,13064,18.5,34.8,139
Russell,AL,33,13664,20.4,76.4,473
St. Clair,AL,33.5,13994,16.2,83.4,157
Shelby,AL,31.5,20445,8.1,134.6,79
Sumter,AL,28.9,11611,35.2,17.9,231
Talladega,AL,33,13299,22.3,101.3,95
Tallapoosa,AL,35.5,15961,18,54.6,187
Tuscaloosa,AL,30.6,16035,19.3,115.9,793
Walker,AL,35,15598,17.7,86.1,253
Wilcox,AL,30.4,10300,41.3,15.4,46
Winston,AL,35.5,13674,16.2,36.3,151
Arkansas,AR,35.5,15327,19.6,21.6,457
Ashley,AR,33.9,15044,21.3,26.7,373
Baxter,AR,47.1,15577,14.9,58.8,109
Benton,AR,35.9,18124,9.8,125.2,345
Boone,AR,36.5,14605,14.2,49.6,168
Bradley,AR,36.6,14936,23.8,17.8,304
Calhoun,AR,34.3,12475,17.9,9.1,160
Carroll,AR,38.1,14860,14.6,30.8,285
Chicot,AR,31.9,12669,38.8,24.4,417
Clark,AR,32.2,13403,20.6,24.8,202
Clay,AR,39.5,13406,19,28,142
Cleburne,AR,41.7,13970,16.7,36.7,219
Cleveland,AR,35.7,12675,17.2,13.2,54
Columbia,AR,33.6,14294,23.6,33.5,232
Conway,AR,34.7,14486,18.5,34.7,177
Craighead,AR,31.6,15310,16.8,99.9,445
Crawford,AR,32.6,12673,18,74.4,297
Crittenden,AR,29.8,14202,28,81.2,513
Cross,AR,32.2,13750,24.9,31.2,242
Dallas,AR,36.4,14782,21.3,14.2,296
Desha,AR,31.5,13154,30.6,21.3,523
Drew,AR,31.8,13477,19.6,20.8,123
Faulkner,AR,29.8,15191,12.3,99.3,391
Franklin,AR,35.4,12860,15.9,24.9,188
Fulton,AR,40.6,10690,25.6,16.2,149
Garland,AR,40.8,17457,17.9,112.1,554
Grant,AR,34.4,14534,13,22.8,208
Greene,AR,35.5,13029,16.4,56.8,265
Hempstead,AR,34.3,13034,23.3,30.2,437
Hot Springs,AR,36.4,12622,18.6,42.9,299
Howard,AR,34.5,15854,17.5,23.3,151
Independence,AR,34.8,14704,16.5,41.4,335
Izard,AR,43.9,12867,21.1,20.3,49
Jackson,AR,36.7,14215,23.9,29.8,280
Jefferson,AR,31.9,14208,27.6,96.2,594
Johnson,AR,35.3,12801,18,28.2,236
Lafayette,AR,35.1,11796,30,17.9,136
Lawrence,AR,36.7,12210,23.8,29.7,128
Lee,AR,31.9,11213,45.4,21.4,471
Lincoln,AR,32.2,10859,29,24.8,60
Little River,AR,33.8,14504,19.1,25.8,206
Logan,AR,35.3,13428,18.7,29.3,89
Lonoke,AR,32.5,15744,14.2,53.4,215
Madison,AR,36,13857,17.3,14.7,108
Marion,AR,42.7,12902,19.1,20.9,127
Miller,AR,32.7,13585,22.8,61.8,881
Mississippi,AR,29.4,13954,26.2,61.2,822
Monroe,AR,34.5,13899,33,18,294
Montgomery,AR,40.1,12035,22.5,10.2,180
Nevada,AR,35.6,12803,19.9,16.1,74
Newton,AR,35.7,10483,26.3,9.2,30
Ouachita,AR,35.2,14052,22.1,40.4,442
Perry,AR,36.4,12829,16.7,15.1,92
Phillips,AR,30.8,12440,42.7,40.6,464
Pike,AR,36.4,14460,17.4,16.6,71
Poinsett,AR,34.6,13199,26.6,32.2,184
Polk,AR,38,13423,21,20.6,169
Pope,AR,31.8,15627,16,59.2,309
Pulaski,AR,32.4,20027,17.1,458,1130
Randolph,AR,36.6,11488,21.4,25.9,146
St. Francis,AR,31,12171,35.7,44.5,771
Saline,AR,33.4,15059,9.3,92.6,365
Scott,AR,36.2,12566,21.1,11.6,97
Sebastian,AR,33.7,18033,15.4,189.2,626
Sevier,AR,34.9,14560,19.4,25.4,296
Sharp,AR,44.8,12013,20.6,24.8,145
Stone,AR,39.2,12046,23.9,16.8,112
Union,AR,34.5,17626,19.2,44.9,475
Van Buren,AR,43.2,12238,21.6,20,197
Washington,AR,30.8,16784,11.7,126.4,429
White,AR,33.1,13283,17.9,55,290
Woodruff,AR,34.3,14331,31.8,15.7,59
Yell,AR,35.6,14876,16.9,19.5,317
Apache,AZ,23.4,9805,40.8,5.6,73
Cochise,AZ,32.6,14288,21.9,16.3,343
Gila,AZ,38.8,13832,21.3,8.9,370
Graham,AZ,29.4,11037,26.1,6,241
Maricopa,AZ,32,19451,16,240.4,760
Mohave,AZ,40.7,14589,17.7,7.9,625
Navajo,AZ,26.5,10568,31.2,8.1,310
Pima,AZ,32.8,16747,19,75.3,854
Pinal,AZ,32.6,12724,25.7,22.4,563
Santa Cruz,AZ,29.5,12100,27.4,26.2,600
Yavapai,AZ,42.4,15378,15,14.3,337
Yuma,AZ,30.5,13091,28,21.5,63
Alameda,CA,32.7,23707,12.3,1774.1,837
Amador,CA,37.9,16612,9.5,53.8,243
Butte,CA,33.8,16197,19,115.5,538
Calaveras,CA,39.5,16325,11.5,34.6,351
Colusa,CA,32.1,19360,17.4,14.7,389
Contra Costa,CA,34.1,27158,9,1166,606
Del Norte,CA,32.3,12792,19.9,26.4,371
El Dorado,CA,35.3,20424,8.5,80.3,379
Fresno ,CA,29.3,16854,28.1,118.4,910
Glenn,CA,32.6,14674,19.5,19.4,380
Humboldt,CA,33.1,16831,17.3,34.1,534
Imperial,CA,28.8,13987,28.6,30.8,690
Inyo,CA,39,18100,12.8,1.8,322
Kern,CA,29.7,15963,21.8,72.2,648
Kings,CA,28.1,13191,22.5,76.9,437
Lassen,CA,31.9,14409,15.6,6.1,221
Los Angels,CA,30.7,21577,23.8,2233.5,762
Madera,CA,31.9,15024,20.9,46.2,521
Marin,CA,38.1,37387,6.4,449.2,398
Mendocino,CA,35.6,17246,16.8,23.3,471
Merced,CA,27.9,14962,24.5,98.1,509
Modoc,CA,37.2,14472,18.2,2.5,231
Monterey,CA,29.6,21143,16.1,111,533
Napa,CA,36.4,24461,9.2,150.9,480
Nevada,CA,39.3,18855,9.5,87,334
Orange,CA,31.4,24996,12.6,3147.8,571
Placer,CA,35.1,22748,8.5,133.2,463
Plumas,CA,39,17503,11.5,8.1,559
Riverside,CA,31.5,17969,15,179,738
Sacramento,CA,31.9,20397,16.3,1130.3,763
San Benito,CA,30.3,17122,12.9,27.7,428
San Bernardino,CA,29.3,16388,17.5,76.4,691
San Diego,CA,30.9,20689,16.3,618.8,660
San Franciso,CA,35.8,31918,13.5,15621,1082
San Joaquin,CA,30.9,17138,18.8,360.2,815
San Luis,CA,33.1,18261,12.7,66.8,383
San Mateo,CA,34.8,30531,6.9,1476.7,447
Santa Barbara,CA,31.6,23680,14.5,137.5,503
Santa Clara,CA,31.9,26772,9.2,1183.1,489
Santa Cruz,CA,33,23076,13.8,519.2,608
Shasta,CA,34.9,17292,15.9,41.6,469
Siskiyou,CA,37.3,15864,16.6,7,403
Solano,CA,30.8,18901,9.7,435.3,628
Sonoma,CA,34.8,22928,10.4,255.4,490
Stanislaus,CA,30.5,16787,17.2,264.4,668
Sutter,CA,32.4,18574,15.6,115.1,539
Tehama,CA,36,14062,18.2,17.6,517
Tulare,CA,29.2,15342,28.2,68.7,632
Tuolumne,CA,37.2,16919,12,22.6,387
Ventura,CA,31.7,21837,11.1,372,439
Yolo,CA,28.9,19586,16.6,143.2,712
Yuba,CA,29.2,13956,21.1,96.3,622
Adams,CO,30.7,16715,12.9,235.1,692
Alamosa,CO,28.1,13935,24,19.2,650
Arapahoe,CO,32.4,24963,6.7,523.7,654
Bent,CO,39.1,16563,20,3.3,226
Boulder,CO,31.6,23661,8.3,320.5,563
Chaffee,CO,37.1,14582,14.1,12.7,391
Cheyenne,CO,32,22942,9.9,1.4,144
Crowley,CO,34.2,12074,30.9,5.1,20
Delta,CO,40.7,14386,17.4,19.3,270
Denver,CO,33.9,24184,18,3162.4,861
Douglas,CO,32.3,26345,2.8,87,233
Elbert,CO,33.8,19050,6.1,5.8,144
El Paso,CO,30.2,18342,12.1,197.8,562
Fremont,CO,37.7,13374,17.4,21.5,373
Garfield,CO,32.8,17552,10.4,10.6,403
Gunnison,CO,28.2,15395,12.2,3.3,866
Huerfano,CO,39.6,13464,24.9,3.7,332
Jefferson,CO,33.3,22563,6.2,589.1,494
Kiowa,CO,37,25714,11.5,0.9,69
Kit Carson,CO,34.9,20128,12.8,3.3,300
La Plata,CO,31.9,17714,12.4,20.4,502
Larimer,CO,31.1,18404,10.8,76.2,180
Las Animas,CO,37.7,13208,24.8,2.9,393
Lincoln,CO,36.9,21016,16.2,1.8,187
Logan,CO,34.7,17526,14.8,9.4,444
Mesa,CO,34.7,16917,14.2,29.5,547
Moffat,CO,31.8,17826,11.7,2.4,389
Montezuma,CO,33.3,15127,17.1,9.6,488
Montrose,CO,37.1,15909,12.7,11.4,404
Morgan,CO,33.1,18110,15.5,17.7,436
Otero,CO,34.9,15185,24.4,15.9,416
Phillips,CO,38.5,18999,11,6,66
Prowers,CO,32,15730,21.3,8,577
Pueblo,CO,34.7,15582,20.7,51.8,651
Rio Blanco,CO,32.3,17470,9.4,1.9,334
Rio Grande,CO,33.7,15286,23,11.7,328
Routt,CO,32.4,22654,6.5,6.4,374
Sedgwick,CO,40.8,18661,12,4.7,104
Teller,CO,34.6,19068,9.3,24.8,374
Washington,CO,37.3,19003,13,1.8,87
Weld,CO,30.5,16466,15.3,34.1,565
Yuma,CO,35.8,19370,12,3.8,224
Fairfield,CT,35.5,36257,7.7,1322.7,512
Hartford,CT,34.5,26063,11.2,1151.5,595
Litchfield,CT,35.7,24501,5.5,192.1,175
Middlesex,CT,34.8,25217,5.2,392.1,232
New Haven,CT,34.2,23651,11,1323.9,618
New London,CT,32.5,22301,8.3,372.2,263
Tolland,CT,31.5,20956,5.1,316.5,114
Windham,CT,32.7,19510,9.6,201.2,133
Kent,DE,31.1,16094,13,196.4,390
New Castle,DE,32.5,23628,9.9,1065.9,425
Sussex,DE,36.4,17484,13.9,127.3,233
Alachua,FL,28.3,17520,20.2,216.1,1082
Baker,FL,30.2,13593,19.4,33,372
Bay,FL,33.2,16424,16.3,174.7,740
Bradford,FL,33.6,12438,21.6,78.4,759
Brevard,FL,36.2,18715,11.6,417.5,668
Broward,FL,37.7,22929,12.3,1084.5,853
Calhoun,FL,33.5,11330,22.3,20.1,77
Charlotte,FL,53.6,17584,10,173.6,366
Citrus,FL,50.8,14941,15.5,171.5,276
Clay,FL,32,17407,8.8,189.5,487
Collier,FL,40.7,28557,13.1,81.6,571
Columbia,FL,33.6,14089,20.4,55.7,728
Dade,FL,34.2,16751,25.4,1031.5,1195
De Soto,FL,36.6,15201,25,38.1,579
Duval,FL,31.5,18857,15.4,903,1033
Escambia,FL,32.4,16345,20.3,407.2,741
Flagler,FL,46.4,14689,10.9,69.3,372
Franklin,FL,38.9,13963,21.1,17.2,242
Gadsden,FL,31.8,13185,29.2,81.8,511
Gilchrist,FL,33.5,12536,17.8,29.8,139
Gulf,FL,35.7,13797,19.3,20.7,214
Hamilton,FL,30.9,12066,24.3,21.8,19
Hardee,FL,32.8,15621,27,31.5,556
Hendry,FL,30.3,17157,22.9,24,465
Hernando,FL,49.5,14930,13.9,229.6,476
Highlands,FL,51.5,16275,16.9,69.2,639
Hillsborough,FL,33,18401,17,814.9,1043
Holmes,FL,35.6,11892,24.6,33.8,120
Indian River,FL,44,26637,11.5,186.2,585
Jackson,FL,34.3,14271,20.9,46.4,217
Jefferson,FL,33.8,14175,22.9,19.6,492
Lake,FL,44.7,17326,14.1,170.3,452
Lee,FL,42,20349,12.3,439.4,626
Leon,FL,28.8,17976,14.9,303.8,1206
Levy,FL,38.5,12847,19.2,24.2,445
Madison,FL,32.3,12325,23.8,24.1,311
Manatee,FL,43.1,20904,12.9,295.3,848
Marion,FL,40,15633,18.4,131.5,663
Martin,FL,44.5,29881,10.8,188.8,556
Monroe,FL,38.8,22453,11.5,80.1,957
Nassau,FL,33.4,19059,11.9,72,425
Okaloosa,FL,31.5,17767,11.2,163.4,371
Okeechobee,FL,34.3,13683,21.8,39.3,482
Orange,FL,31.5,18920,14.7,785,887
Osceola,FL,33.7,15266,14,90.1,801
Palm Beach,FL,39.9,31407,12.3,460.4,901
Pasco,FL,48,15427,14.6,385.5,447
Pinellas,FL,42.1,21721,12.8,3081.4,734
Polk,FL,36.5,16280,17.9,223.5,892
Putnam,FL,37.3,13281,24.3,92.5,848
St. Johns,FL,37,23965,11.8,148.3,683
St. Lucie,FL,37.9,15425,15.9,281.7,643
Santa Rosa,FL,32.5,16150,12.6,88.7,393
Sarasota,FL,49,27785,9.9,498.6,692
Seminole,FL,33.3,19694,9.9,1004.2,592
Sumter,FL,40.1,13285,21.7,59.4,407
Suwannee,FL,36.5,13975,19.3,41,318
Taylor,FL,33.5,13963,20.6,16.6,354
Volusia,FL,39.4,16388,15.4,352.3,608
Wakulla,FL,34.2,14183,15.4,25.4,227
Walton,FL,37.8,13562,18.7,27.9,212
Washington,FL,37.3,12870,21.2,30,94
Appling,GA,32.3,12725,21.2,31.4,200
Bacon,GA,31.7,13056,24.2,34.4,204
Baldwin,GA,31.9,16195,19.1,156.3,409
Barrow,GA,31.1,14985,15.2,197.9,385
Bartow,GA,31.5,15193,13,129.2,286
Ben Hills,GA,32.4,14482,23.7,65.9,536
Berrien,GA,32.9,14452,19.9,31.8,254
Bibb,GA,32.6,18657,23.5,608.8,867
Bleckley,GA,32.6,15466,17.4,48.8,141
Brooks,GA,32.1,13093,29.8,31.2,326
Bulloch,GA,26.1,13214,22.4,66.5,392
Burke,GA,29.6,12699,29.2,25.3,324
Butts,GA,32.4,14173,18.7,84.1,276
Calhoun,GA,33.5,15112,29.2,17.5,253
Camden,GA,27.2,12197,11.2,59.7,289
Candler,GA,34.6,15555,25.5,32.4,54
Carroll,GA,30.4,14798,16,148,461
Catoosa,GA,33.9,13415,12.6,273.1,308
Charlton,GA,30.4,11564,21.3,11.3,66
Chatham,GA,32.2,19023,20,504.1,816
Chattooga,GA,34.8,14066,15,71.4,157
Cherokee,GA,31.1,17175,7.5,240.7,223
Clarke,GA,25.6,16223,22.3,731,1007
Clay,GA,34.2,12350,35.4,17.4,206
Clayton,GA,29.9,16855,14,1318.4,804
Clinch,GA,31.6,12584,25,7.7,226
Cobb,GA,31.7,23195,8.2,1402.1,564
Coffee,GA,30.5,15271,23.1,51.2,777
Colquitt,GA,32.6,14892,25.8,67,638
Columbia,GA,31.2,17165,7.7,251,315
Cook,GA,32.4,12865,22.5,58.9,482
Coweta,GA,32,17069,12.6,136.3,347
Crawford,GA,31.7,12882,16.7,28.3,180
Crisp,GA,32.8,14794,30.4,74.1,138
Dade,GA,32.7,12299,16.3,76.5,180
Decatur,GA,31.7,14744,26.9,43.4,497
De Kalb,GA,31.9,22075,16.3,2094.7,1061
Dodge,GA,33.8,13028,23.2,35.4,366
Dooly,GA,32.8,14815,29,25.4,164
Dougherty,GA,29.9,15650,27.6,296.3,1043
Douglas,GA,31.1,16590,9.5,377.3,339
Early,GA,33.4,14237,32,23.7,109
Effingham,GA,30.3,14646,12.7,57.1,242
Elbert,GA,34.4,14526,21.4,51.5,442
Emanuel,GA,32.3,12667,28.4,30.2,290
Evans,GA,32.2,14679,25.6,48.1,116
Fannin,GA,39,12626,17.6,43,202
Fayette,GA,34.1,22708,3.9,352.6,176
Floyd,GA,34.5,17463,16.2,160.1,575
Forsyth,GA,32.8,20194,7.9,220.5,469
Franklin,GA,35.9,16263,17,65.3,252
Fulton,GA,32,28465,23,1257,1354
Gilmer,GA,35.4,14779,17.3,33.5,7
Glascock,GA,37,15212,16.1,16,27
Glynn,GA,34.1,19001,17.2,151,862
Gordon,GA,32.4,15699,12.5,102.2,331
Grady,GA,32.9,12936,24.9,45,448
Greene,GA,32.5,14059,23.8,31.4,262
Gwinnett,GA,30.5,21670,5.8,903,477
Habersham,GA,33.3,16107,12.3,102.8,164
Hall,GA,32.3,17885,14.2,253.5,456
Hancock,GA,31,12272,28.8,19,149
Haralson,GA,33.5,14632,17.5,79.4,326
Harris,GA,35.6,17105,12.9,39.2,251
Hart,GA,35.7,15264,15.7,87,40
Henry,GA,31.9,16942,7.4,209.5,271
Houston,GA,31,16375,12.6,247.6,539
Irwin,GA,33.3,13801,25.1,24.1,410
Jackson,GA,33,14970,15.9,91.7,333
Jasper,GA,33.8,14962,18.3,23.5,107
Jeff Davis,GA,31.8,14191,19.6,36.3,462
Jefferson,GA,31.4,13775,27.7,33.2,90
Jenkins,GA,32.6,12502,25.2,24.3,366
Johnson,GA,32.7,12452,24.5,27.3,27
Jones,GA,32.2,16620,12.6,54.1,130
Lamar,GA,33.4,13034,17.8,73.1,245
Lanier,GA,31.6,14000,24.6,30.5,255
Laurens,GA,33,15378,21.4,50.5,586
Liberty,GA,24,10420,19,110.6,354
Lowndes,GA,28.9,15455,22.4,154.7,719
Lumpkin,GA,30.3,15051,14.7,54.1,185
McDuffie,GA,32,15110,20.7,80.4,120
Macon,GA,31.2,13986,30.2,32.2,179
Madison,GA,32.8,14508,16.3,77.7,6
Marion,GA,32.1,12658,24.1,15.5,56
Meriwether,GA,31.8,11869,23.6,45.1,276
Miller,GA,34.7,14944,24,22.3,62
Mitchell,GA,30.7,13683,30.7,40,464
Monroe,GA,33,14815,15.8,45.2,278
Morgan,GA,32.8,15841,17.3,38,344
Murray,GA,30.4,13615,12.1,80.4,284
Muscogee,GA,30.6,16740,22.2,859.9,620
Newton,GA,31.1,14955,15.8,161.7,599
Oglethorpe,GA,33.5,14094,16.5,23.1,196
Paulding,GA,29.8,13925,9,150.8,277
Peach,GA,30,16049,25.2,144.9,251
Pickens,GA,34.4,16530,13.8,64.6,93
Pierce,GA,33.3,14439,21.1,39.7,224
Pike,GA,33.5,14928,13.3,48.1,134
Polk,GA,33.8,13612,18.4,110.2,404
Pulaski,GA,35.3,17087,21.5,32.7,400
Putnam,GA,34.2,15325,16.9,43.3,167
Rabun,GA,39.8,13923,15,32.1,182
Randolph,GA,32.1,13060,34.9,18.9,96
Richmond,GA,30.3,17331,21.9,623,715
Rockdale,GA,32.1,18460,8.8,450.7,425
Screven,GA,33,14521,22.3,21.3,254
Seminole,GA,33.6,13826,27.6,38.2,372
Spalding,GA,32.1,15108,18.6,283.8,814
Stephens,GA,34.8,14916,16.8,133.9,181
Sumter,GA,30.4,15141,26,63.5,546
Tattnall,GA,33.1,13767,26.2,37.2,260
Telfair,GA,34,12995,26.3,26.3,172
Terrell,GA,33.1,13828,30.9,31.3,471
Thomas,GA,33.1,16732,23.5,72,446
Tift,GA,30.7,15714,23.6,133.9,665
Toombs,GA,32,14833,25,66.8,334
Towns,GA,43,13559,14.3,42,63
Treutlen,GA,33.2,12246,27,29.4,125
Troup,GA,32.5,16161,18.4,136.7,708
Turner,GA,31.5,15045,29.8,30.4,255
Twiggs,GA,30.8,11861,22.5,26.9,87
Union,GA,39.3,13326,15.7,40,129
Upson,GA,34.8,14078,17.1,80.8,388
Walker,GA,34.5,14335,14.3,132.6,367
Walton,GA,31.7,16137,14.8,123.3,294
Ware,GA,34.4,14166,22.6,39.7,546
Warren,GA,33.4,12854,27.1,21,65
Washington,GA,32,16265,23.4,28.5,353
Wayne,GA,32.6,14135,21.4,36.9,482
Wheeler,GA,34.2,13183,26.2,16.1,167
White,GA,36.8,17087,12.5,57.5,254
Whitfield,GA,32.2,18450,12.9,255.2,418
Wilcox,GA,34.7,14476,27.4,18.4,79
Wilkes,GA,35.4,15605,19.6,22.7,223
Worth,GA,31.5,13579,24.3,35.8,215
Adair,IA,39.3,16324,12.1,14.8,108
Adams,IA,40.1,15409,15.4,11.1,132
Appanoose,IA,37.9,14636,19,27.8,333
Audubon,IA,40.3,17612,11.4,16,128
Benton,IA,34.7,16637,9.5,31.8,158
Boone,IA,36.6,18902,9.2,44.3,220
Bremer,IA,35.2,17168,8.4,52.8,40
Buchanan,IA,33.4,16076,13.1,36.8,124
Butler,IA,37.9,16317,9.7,27.2,76
Calhoun,IA,39.8,18293,11.1,20.2,111
Carroll,IA,34.2,18298,9.7,37.8,102
Cass,IA,38.3,17391,11.9,26.6,180
Cedar,IA,36.1,17920,9.2,30.5,224
Cherokee,IA,37.2,17106,9.5,24.3,92
Chickasaw,IA,35.7,16895,9.4,26.4,99
Clarke,IA,36.7,14134,14.8,19.5,125
Clay,IA,35.1,17667,9.7,31.1,214
Clayton,IA,35.9,15639,11.8,24.1,51
Clinton,IA,35.1,17385,11.8,73.8,67
Crawford,IA,35.4,17233,13,23.4,168
Dallas,IA,34.6,19759,7.8,52.7,193
Davis,IA,36.1,14908,14.7,16.5,180
Decatur,IA,35.5,12906,21.1,15.2,184
Delaware,IA,32.7,15713,12,31.7,83
Dickinson,IA,39.7,19927,8.3,39.9,106
Dubuque,IA,33.1,18086,10.2,143.7,273
Emmet,IA,36.1,16375,12.4,29.3,239
Fayette,IA,36.4,15076,13.5,30.1,42
Floyd,IA,37.9,16975,12.7,33.8,227
Franklin,IA,38.1,17704,11,19.2,89
Greene,IA,39.4,18133,11,17.8,41
Grundy,IA,38.8,19418,7.4,24.1,59
Guthrie,IA,39.9,17219,11.6,19,127
Hamilton,IA,37.1,18879,9.4,27.9,181
Hancock,IA,35.4,16307,10,21.7,48
Hardin,IA,37.9,17613,11.6,33,256
Harrison,IA,36.5,16346,12.6,21.1,70
Henry,IA,34.7,16739,10.5,45.1,239
Howard,IA,37.7,15702,12.9,20.9,98
Humboldt,IA,38.6,17789,9.1,24.4,53
Ida,IA,36.9,17383,9.8,19.2,1
Iowa,IA,36.6,19405,7.2,25.2,13
Jackson,IA,35,16008,13,31.6,142
Jasper,IA,36.1,18338,8.3,47.8,124
Jefferson,IA,36.8,16230,14.2,37.9,324
Johnson,IA,27.3,18890,9.7,159.6,44
Jones,IA,34.6,14345,11.3,34.4,142
Keokuk,IA,37.4,16166,12.9,20,187
Kossuth,IA,36.7,16974,11.2,18.7,114
Lee,IA,35.8,16605,13.1,75.6,159
Linn,IA,33.1,20425,9.3,241.1,1
Louisa,IA,34.3,17065,11.6,28.4,297
Lyon,IA,34.8,15323,9.8,20.4,28
Mahaska,IA,34.8,16206,12.2,37.7,75
Marion,IA,34.2,18054,9.4,54.5,48
Marshall,IA,36.7,18872,10.8,66,374
Mills,IA,35.1,20575,10.1,30.7,3
Mitchell,IA,38.3,18621,9.5,23,93
Monona,IA,40.5,16581,13.9,14.4,247
Monroe,IA,37.8,16666,15.3,18.9,88
Montgomery,IA,38.6,17442,10.9,28.1,375
Muscatine,IA,33.1,19649,10.7,93,173
O'Brien,IA,36.9,17435,9.5,27,232
Osceola,IA,36.1,16182,9.1,18.1,113
Page,IA,38.2,17759,12.6,31.2,298
Plymouth,IA,34.1,17987,7.6,27.4,35
Pocahontas,IA,39.2,17646,10.6,16.1,112
Polk,IA,32.4,22331,10.3,593.5,535
Pottawattamie,IA,33.5,16734,12.5,87.5,21
Poweshiek,IA,34.5,17751,9.9,32.3,7
Ringgold,IA,42.2,14704,17.1,10,91
Sac,IA,38.3,16708,10.9,21.2,56
Scott,IA,32.4,19280,12.7,338.7,693
Shelby,IA,37.3,16945,10.2,22.3,1
Sioux,IA,30.9,15996,7.1,39.6,44
Story,IA,25.9,17373,10.4,129.9,350
Tama,IA,37.4,16363,10.5,24.1,175
Taylor,IA,40,13641,16,13.3,134
Union,IA,36.5,15634,14.2,29.7,148
Wapello,IA,37.1,16319,15.1,83.1,380
Warren,IA,32.8,17458,7.3,65.2,250
Wayne,IA,42.1,14433,16.7,13.3,172
Webster,IA,35.5,17467,13.3,56.1,3
Winnebago,IA,35.9,18149,9.6,29.7,134
Winneshiek,IA,31.7,16305,11.1,30.4,194
Woodbury,IA,32.9,18983,13,114.5,616
Worth,IA,38.3,15993,10.2,19.8,46
Wright,IA,39,17048,10.4,24.6,86
Ada,ID,31.9,21384,9.1,211.9,463
Adams,ID,36.2,15461,12.6,2.6,169
Bannock,ID,29.5,14920,12.4,61.6,548
Bear Lake,ID,30.9,12505,12.1,6.5,154
Benewah,ID,34.6,15726,13.9,10.4,247
Bingham,ID,27.6,14077,15.2,19,269
Blaine,ID,33.3,24384,6.6,5.6,530
Bonneville,ID,28.7,17733,10.6,41.3,493
Boundary,ID,32.8,13381,15.4,6.8,157
Butte,ID,33.3,13047,12.7,1.3,50
Canyon,ID,31.6,14121,17,163.6,537
Caribou,ID,30.3,15018,7.7,4,196
Cassia,ID,29.2,16686,15.6,7.9,529
Clearwater,ID,37.5,15466,12.2,3.5,107
Elmore,ID,27.7,16949,11.2,6.7,327
Franklin,ID,27.5,11497,11.8,14.3,158
Fremont,ID,28.1,13539,13.6,6.1,189
Gem,ID,36,15081,15.7,22.4,190
Gooding,ID,34.7,16416,15.2,16.6,169
Idaho,ID,36.5,14681,14,1.7,149
Jerome,ID,32.6,15610,15.1,26.3,365
Kootenai,ID,35,17642,11.5,62.1,565
Latah,ID,27.4,15753,12.6,29.1,252
Lemhi,ID,38.1,14244,15.5,1.6,37
Madison,ID,20,10132,14.9,50.9,326
Minidoka,ID,30.4,12786,15.1,26.6,403
Nez Perce,ID,35.6,18111,11.1,41.3,423
Oneida,ID,31.4,12546,11.2,2.9,134
Owyhee,ID,30.4,12601,10.5,1.1,61
Payette,ID,34.1,13692,17.8,42.9,310
Power,ID,29.8,17631,13.8,5.3,379
Shoshone,ID,37.3,14843,20.7,5.2,426
Twin Falls,ID,33.3,15812,13.3,29.1,483
Valley,ID,37,18218,11.8,1.9,555
Washington,ID,37.3,13659,18.8,6,244
Adams,IL,35.4,17574,14.2,77.7,378
Alexander,IL,34.8,12673,30.1,44.8,645
Bond,IL,35,16036,12,39.7,242
Boone,IL,33.1,18120,7.6,116.2,256
Bureau,IL,36.3,17890,9.4,41.1,104
Calhoun,IL,38.5,15590,16.1,20.5,96
Carroll,IL,37.5,17889,11,37.4,160
Cass,IL,35.8,17913,11.9,35.4,98
Champaign,IL,27.8,17183,13.3,175.6,560
Christian,IL,36.3,17799,11.1,48.7,121
Clark,IL,37,15810,11.5,31.9,94
Clay,IL,36.8,16308,13.7,30.7,83
Clinton,IL,32.8,18055,8.7,72.3,146
Coles,IL,29.8,16366,13.1,102.1,208
Cook,IL,32.6,23121,17.6,5430.5,783
Crawford,IL,37.1,17695,10.5,44.2,165
Cumberland,IL,33.9,15694,11.7,31.2,110
DeKalb,IL,27.1,17077,8.7,125.8,145
De Witt,IL,35.4,17464,9.9,42,238
Douglas,IL,34.5,16038,9.4,46.8,112
DuPage,IL,32.3,29399,3.8,2434.2,322
Edgar,IL,37.3,16044,14.2,31.3,75
Edwards,IL,37.3,15186,10.6,33.3,45
Effingham,IL,32,17171,9.3,67.1,300
Fayette,IL,35.3,13932,14.6,29,189
Ford,IL,36.9,19333,9.2,28.8,123
Franklin,IL,37.8,14764,18,97.3,47
Fulton,IL,36.9,15706,14.6,44,259
Gallatin,IL,39.2,16542,18.1,21,81
Greene,IL,36,14005,14.6,28.2,190
Grundy,IL,33.3,20467,5.7,80.5,57
Hamilton,IL,39.1,15874,15.4,19.5,81
Hancock,IL,37.3,16043,12.3,27.1,191
Hardin,IL,37.3,13939,19.9,29.2,77
Henry,IL,36,16385,10.5,62.3,74
Iroquois,IL,37,17173,9.7,27.9,69
Jackson,IL,26.5,13786,21.3,103.9,696
Jasper,IL,34.4,16837,11,21.4,134
Jefferson,IL,34.9,16110,16.2,65,449
Jersey,IL,33.2,15500,11.8,56.9,264
Jo Daviess,IL,36.2,19094,8,36.3,135
Johnson,IL,35.9,11394,15.7,33.5,3
Kane,IL,30.9,21482,8.4,640.7,447
Kankakee,IL,32.9,17006,13.3,146.1,569
Kendall,IL,32,19966,3.8,128.8,164
Knox,IL,36.5,16824,13.3,78.6,400
Lake,IL,31.6,30590,6.5,1205.2,365
La Salle,IL,35.5,17526,10.1,95.2,198
Lawrence,IL,38,19233,14.7,42.7,166
Lee,IL,34.2,16000,9.1,48,155
Livingston,IL,34.3,17256,9.8,38.2,202
Logan,IL,34.6,16788,11,49.8,275
McDonough,IL,27.3,14177,15.2,59.4,231
McHenry,IL,32.2,22347,3.8,330.6,236
McLean,IL,28.8,19768,8.8,112.9,267
Macon,IL,35,19172,13.7,203.1,558
Macoupin,IL,36,17154,12.3,55.5,146
Madison,IL,33.9,18788,12,348.6,418
Marion,IL,35.1,16832,15.8,72.9,327
Marshall,IL,37.8,17374,9.4,33.4,68
Mason,IL,36.5,15976,12.8,30.8,60
Massac,IL,37.7,14635,15.4,62.3,273
Menard,IL,35.4,18855,8.5,36.3,57
Mercer,IL,36,16409,10.8,30.8,68
Monroe,IL,33.9,18565,5.2,60.5,179
Montgomery,IL,35.3,16214,13.4,43.8,147
Morgan,IL,34.3,16911,11.5,63.8,599
Moultrie,IL,36.7,15918,9,42,92
Ogle,IL,34,16868,7.6,62.6,129
Peoria,IL,33.8,19772,14.9,296.5,741
Perry,IL,35.5,14858,14.5,48.3,179
Piatt,IL,36.2,20296,6.9,35.7,222
Pike,IL,37.9,14642,16.6,21.1,62
Pope,IL,35.8,12346,17.2,11.9,93
Pulaski,IL,34.8,13671,25.5,37.4,19
Randolph,IL,34,15168,12.2,59.6,138
Richland,IL,35.6,16388,13,46.4,104
Rock Islands,IL,34.8,20022,13,351.7,497
St. Clair,IL,32,17138,18.3,395.7,439
Saline,IL,38.2,16413,18.7,69.1,85
Sangamon,IL,34.2,20800,10.7,209.1,628
Schuyler,IL,37.4,15398,12.7,17.1,89
Scott,IL,35.9,14484,10.4,22.3,64
Shelby,IL,36.3,15945,9.7,29.5,29
Stark,IL,37.6,17449,10.4,22.2,117
Stephenson,IL,35,18730,10.1,85.9,393
Tazewell,IL,34.8,18711,9.6,193.3,304
Union,IL,38,14662,18.2,43,158
Vermilion,IL,35.4,16348,15.4,97.5,494
Wabash,IL,34.9,17078,12.3,58.2,123
Warren,IL,35.1,16407,13,35.4,232
Washington,IL,35.9,17739,8.8,26.3,158
Wayne,IL,37.4,15556,12.2,23.8,49
White,IL,38.5,17313,15.1,32.7,115
Whiteside,IL,34.7,17246,10,88.3,316
Will,IL,31.1,19651,7.6,447.7,326
Williamson,IL,36.1,16083,14.8,138.4,265
Winnebago,IL,33.4,19442,11.7,504.7,811
Woodford,IL,34.1,18093,6.9,63.3,80
Adams,IN,30.6,15770,12.6,92.8,154
Allen,IN,32.1,20748,11.2,463.6,607
Bartholomew,IN,34.2,19936,9,160.5,340
Benton,IN,34.7,16609,8.8,23.9,95
Blackford,IN,35.7,15328,12.9,84.8,220
Boone,IN,34.4,22613,6.6,93.4,55
Brown,IN,36.5,16039,9.9,46.7,9
Carroll,IN,35,16697,7.7,51.8,115
Cass,IN,35,16880,12.3,93.5,202
Clark,IN,33.8,17380,11.6,238.3,453
Clay,IN,35.2,15438,10.7,70.5,116
Clinton,IN,34.1,16363,10.5,78.5,280
Crawford,IN,34,12393,16.2,32.7,103
Daviess,IN,33.6,15051,14.7,64.8,76
Dearborn,IN,33.1,16428,8.7,135,78
Decatur,IN,32.6,16492,9.5,65.2,73
De Kalb,IN,31.9,17153,7.2,100.9,116
Delaware,IN,31.4,17507,16.4,304.1,85
Dubois,IN,32.1,19630,5.1,87.2,93
Elkhart,IN,31.8,18577,9.8,343.5,442
Fayette,IN,35.1,16431,13.1,121.9,324
Floyd,IN,34,18682,11,454.1,339
Fountain,IN,35.9,15386,10.8,45.2,30
Franklin,IN,32.7,14700,11.1,51.6,40
Fulton,IN,35.3,15736,9.9,51.8,9
Gibson,IN,35.1,16998,9.2,65,48
Grant,IN,34.9,16610,15.2,179.2,401
Greene,IN,35.9,15264,13,57.9,17
Hamilton,IN,32.9,28005,4.1,304.3,115
Hancock,IN,34.2,19890,5.7,154.8,168
Harrison,IN,33.2,15799,10.8,63.3,115
Hendricks,IN,33.3,20074,4.7,194.9,86
Henry,IN,36.1,16809,13.1,123.7,249
Howard,IN,34.1,19321,12,280.5,363
Huntington,IN,32.8,17700,8,93.6,235
Jackson,IN,33.6,15798,10.7,75.8,38
Jasper,IN,32,15338,8.9,46.4,21
Jay,IN,35,13866,13.4,56.8,145
Jefferson,IN,33.7,15024,12.8,83.8,64
Jennings,IN,33.1,15553,12.9,64.4,224
Johnson,IN,32.6,19838,7.9,292.3,157
Knox,IN,33.5,16303,15.1,77.5,347
Kosciusko,IN,32.2,19191,7.8,122.6,117
Lagrange,IN,28.1,13605,10.5,79.6,87
Lake,IN,33,17881,15.9,966,678
Lawrence,IN,35.3,16126,11.4,96.7,203
Madison,IN,34.8,16776,13.7,290.8,350
Marion,IN,31.8,21430,15,2048.2,755
Marshall,IN,33.3,16482,8.6,97.2,25
Martin,IN,34.1,15323,11.6,30.9,126
Miami,IN,31.5,14891,12.8,98.5,26
Monroe,IN,26.4,16281,14,280.7,368
Montgomery,IN,34,18139,9.3,69.4,328
Morgan,IN,32.9,17075,9.1,143.9,154
Newton,IN,33.6,15336,9.8,34.6,171
Noble,IN,31.9,16246,8.5,94.1,90
Ohio,IN,34.1,14690,10.1,61.1,10
Orange,IN,34.7,13795,14,46.5,43
Owen,IN,34.7,13984,13.2,47.5,18
Parke,IN,36.3,15530,12.2,35.3,40
Perry,IN,33.5,14114,10.9,49.6,157
Pike,IN,36.3,16453,13,36.9,44
Porter,IN,32.7,19914,6.6,321.1,284
Posey,IN,33.4,18146,8.1,63.9,43
Pulaski,IN,33.8,15754,12.1,29.7,117
Putnam,IN,32.1,15232,9.3,65.4,56
Randolph,IN,35.6,15401,15.1,59.8,73
Ripley,IN,33.1,17345,10,56.9,69
Rush,IN,33.6,15736,11,44.8,17
Scott,IN,32.7,14465,15.7,112.9,116
Shelby,IN,33.1,17905,9.3,99.8,18
Spencer,IN,33.7,15467,9.3,49.4,31
Starke,IN,33.3,12701,16.2,72.7,15
Steuben,IN,33.4,17312,8.4,91.7,400
Sullivan,IN,36.7,16074,12.9,42.5,25
Switzerland,IN,35.2,12984,15.4,36.2,59
Tippecanoe,IN,26.8,17264,11.7,264.5,454
Union,IN,33.7,14299,10.9,43.9,44
Vanderburgh,IN,34.5,19955,14,710.6,442
Vermillion,IN,36.5,16281,11.3,64.6,32
Vigo,IN,33,16530,15.1,265.8,446
Wabash,IN,33.7,16315,9.7,84.2,162
Warren,IN,36,15471,9.6,22.5,38
Warrick,IN,33.3,18622,7.1,121.3,44
Washington,IN,33.3,14151,13.8,47.4,25
Wayne,IN,34.9,16470,16.4,178.6,336
Wells,IN,33.1,17873,7.1,70.5,144
White,IN,35.1,16710,8.7,47.1,168
Whitley,IN,33.3,17230,6.3,84.6,13
Allen,KS,35.5,14537,16.7,29.2,314
Anderson,KS,38.1,16008,13.8,13.6,212
Atchison,KS,33.5,15701,15,38.9,359
Barber,KS,37.5,16931,8.7,5,123
Barton,KS,34.8,17305,14.1,32.8,458
Bourbon,KS,36.8,16208,19.2,23.2,267
Brown,KS,36.7,16238,18.8,19.4,225
Butler,KS,33.8,18390,8.9,37.3,338
Chase,KS,39.7,17758,15,3.7,97
Chautauqua,KS,43.3,14358,20.4,6.9,139
Cherokee,KS,35.8,14428,20.2,36.8,180
Cheyenne,KS,41.8,18206,10.8,3.1,3
Clark,KS,41.1,21018,8.4,2.5,138
Clay,KS,39.2,16850,12.6,14.4,137
Cloud,KS,39.9,16216,12.8,15,231
Coffey,KS,36.2,17205,10.2,13.6,137
Comanche,KS,41.6,22336,10.4,2.8,5
Cowley,KS,34.7,16094,13.9,32.7,420
Crawford,KS,34.4,16251,19.6,60.4,608
Decatur,KS,40.2,19598,12.4,4.3,108
Dickinson,KS,37.3,15691,11.8,22.7,161
Doniphan,KS,35.1,17038,16.7,20.7,137
Douglas,KS,25.8,15665,13.6,184.5,603
Edwards,KS,39.4,22411,12.1,5.8,67
Elk,KS,47,15542,18.3,4.9,353
Ellis,KS,31.1,17516,12.2,28.8,390
Ellsworth,KS,38,15496,11.3,9.1,203
Finney,KS,27.2,17945,13.6,26.3,873
Ford,KS,30.2,16328,15.7,25.3,738
Franklin,KS,33.3,15214,12.9,39,272
Geary,KS,26.5,13792,16.6,85.6,639
Gove,KS,38.2,24258,8,3,228
Graham,KS,39.1,18494,14.5,3.8,68
Gray,KS,32.2,18337,8.4,6.2,30
Greeley,KS,33.2,27789,10.2,2.2,18
Greenwood,KS,41.2,16042,15.6,6.9,87
Hamilton,KS,38.1,30525,11.7,2.3,65
Harper,KS,39.6,18271,13.7,8.5,153
Harvey,KS,34.7,18398,10,57.7,234
Haskell,KS,30.5,23679,9.6,6.8,75
Jackson,KS,34.9,16841,13.3,17.5,214
Jefferson,KS,35.2,17080,9.9,30.2,308
Jewell,KS,42.7,17814,12.8,4.5,27
Johnson,KS,32.8,27877,4.7,784.6,415
Kearny,KS,30.8,23220,11,4.6,475
Kingman,KS,36.9,17210,12.1,9.6,181
Kiowa,KS,38.5,18442,10.9,5,303
Labette,KS,35,15292,16.7,36.2,398
Lane,KS,37.9,21614,9.1,3.2,109
Leavenworth,KS,33.1,15313,10.4,144.2,361
Lincoln,KS,42.4,19156,11.9,4.9,117
Linn,KS,39.3,14703,15.8,14,207
Logan,KS,38.1,16315,10.3,3,257
Lyon,KS,29.1,16122,14.2,40.5,650
McPherson,KS,34.7,17823,8.7,30.7,182
Marion,KS,39.4,15467,10.3,13.6,121
Marshall,KS,38.4,19017,12.5,12.6,174
Miami,KS,34.3,16605,10.1,41.6,268
Mitchell,KS,37.7,18040,10.4,10.3,186
Montgomery,KS,36.5,15735,17.2,58.9,545
Morris,KS,38.9,14734,14.2,9,230
Nemaha,KS,35.6,18665,10.6,14.5,136
Neosho,KS,36.3,16597,16,29.7,292
Norton,KS,39,17954,12,6.6,64
Osage,KS,36,15406,11.2,22.2,198
Osborne,KS,42.7,18437,12.5,5.3,15
Ottawa,KS,38.5,15795,10.5,7.6,89
Pawnee,KS,37.4,20094,10.2,10.2,20
Phillips,KS,40.4,18576,10.3,7.2,17
Pottawatomie,KS,32.8,15668,10.1,20,262
Pratt,KS,36.8,18692,10.7,13.1,412
Rawlins,KS,38.8,17313,10.5,3.1,127
Reno,KS,35,17517,14,49.6,545
Republic,KS,44.5,18219,11.5,8.8,122
Rice,KS,37,16978,14.6,14.2,162
Riley,KS,23.8,15096,14,110.4,469
Rooks,KS,37.9,16275,12.2,6.8,183
Rush,KS,43.1,15867,12.3,5.3,48
Russell,KS,40.9,19341,12.3,8.7,218
Saline,KS,33.5,20179,11.6,70.3,773
Scott,KS,35,26275,8.7,7.4,221
Sedgwick,KS,31.8,20822,13.1,415.7,773
Seward,KS,29,17917,17.9,29.2,945
Shawnee,KS,33.8,19772,12.1,297,829
Sheridan,KS,37.1,21331,11.3,3.3,84
Sherman,KS,35.5,17820,14.6,6.4,384
Smith,KS,45.1,17238,12,5.5,47
Stafford,KS,39,18515,13.4,6.4,196
Stanton,KS,31.4,24591,11.2,3.4,109
Stevens,KS,32.7,22721,10,7.1,221
Sumner,KS,34.9,17398,10.9,22.2,246
Thomas,KS,32.3,16544,12,7.7,370
Trego,KS,39.1,17973,10,3.9,89
Wabaunsee,KS,36.4,16836,9.8,8,153
Washington,KS,42.1,18214,12.4,7.6,103
Wichita,KS,33.6,22441,10.7,3.9,68
Wilson,KS,39.1,15238,16,17.6,195
Woodson,KS,41.4,17036,14.8,8,158
Wyandotte,KS,31.7,14869,20.8,1046.9,1148
Adair,KY,34.9,13072,24.2,38.6,152
Allen,KY,35.4,12133,20.1,43.1,72
Anderson,KY,33.6,15846,9.5,77,186
Ballard,KY,37.8,17155,17.2,31.4,132
Barren,KY,35.6,15387,18.7,70.3,125
Bath,KY,35,12480,28.9,35.4,110
Boone,KY,31.4,18452,8.3,255.8,441
Bourbon,KY,34.1,16385,18,66.2,258
Boyd,KY,36.5,18486,17.9,319,291
Boyle,KY,34.9,15746,16.4,142.6,280
Bracken,KY,34.8,13085,19.3,39.4,40
Breathitt,KY,31.6,12268,40.3,30.5,183
Breckinridge,KY,35.4,12830,24,28.8,53
Butler,KY,34.4,11461,22.5,26.6,111
Caldwell,KY,38,14008,18.6,37.8,227
Calloway,KY,32.7,15958,16.6,81.3,207
Campbell,KY,32.4,16895,12.9,560,370
Carroll,KY,33.8,15407,22.1,73,303
Carter,KY,33,12021,28.3,60.9,147
Christian,KY,27.7,12968,20,95,331
Clark,KY,34.2,16223,16.9,118.4,297
Clay,KY,30.3,10841,40.3,47.1,168
Clinton,KY,35.5,11051,35.2,46.6,54
Crittenden,KY,36.7,12651,18.5,25.7,134
Cumberland,KY,37.3,11607,30.5,21.9,57
Daviess,KY,33.2,16627,16.5,191.8,366
Estill,KY,33.4,11042,29.5,59.8,101
Fayette,KY,31.3,20860,15.8,816.2,705
Fleming,KY,34.7,13336,24,35.9,71
Floyd,KY,32.1,12910,32.4,111.3,156
Franklin,KY,34.5,18398,12,213.3,412
Fulton,KY,36.9,15944,29.2,38.8,254
Garrard,KY,35.8,13952,18,52.8,137
Grant,KY,32.2,14066,15.9,65,191
Graves,KY,37,15361,16.4,61.4,221
Grayson,KY,34.8,12319,22.8,43.1,183
Green,KY,37.5,12853,20.7,36,88
Greenup,KY,35.6,15094,18.2,107.2,136
Hancock,KY,32.6,17913,14.6,41.3,42
Hardin,KY,27.8,15453,14.3,134.2,233
Harrison,KY,34.7,15319,16.8,53.6,101
Hart,KY,34.9,12272,27.1,37.3,119
Henderson,KY,33.5,16872,15.4,99.5,633
Hickman,KY,38.9,15082,18.4,22.9,68
Hopkins,KY,34.7,16739,19.3,84.3,401
Jefferson,KY,34.1,21530,16.7,1739.3,530
Jessamine,KY,30.7,15137,15.1,185.9,304
Kenton,KY,31.8,18737,13.2,880.7,479
Knott,KY,30.7,10984,35.5,51.7,114
Knox,KY,31.9,10615,37.9,78.4,344
Larue,KY,36.1,15810,18.7,45.6,135
Laurel,KY,32.5,13414,25.3,104,189
Lawrence,KY,33.1,11135,32.8,35.1,90
Lee,KY,33.5,9962,39.3,37.6,82
Leslie,KY,30.4,11762,34.1,33.9,128
Lewis,KY,33.1,10640,29,27,76
Lincoln,KY,33.7,12309,25.2,60.9,84
Livingston,KY,36.9,15527,16.3,29.1,224
Logan,KY,34.8,14083,16.8,45,194
Lyon,KY,38.4,12001,15.8,33.4,165
McCracken,KY,36.2,18917,16.8,254.1,723
McLean,KY,36,13992,17.8,38.1,115
Madison,KY,28.8,14458,20.6,135,402
Magoffin,KY,29.6,10485,39.1,43.3,133
Marion,KY,32.3,14010,22.2,47.9,267
Marshall,KY,38.2,16397,13.9,91.8,178
Mason,KY,35,15235,19.6,71.3,312
Meade,KY,28.1,13531,15,78.1,40
Mercer,KY,35.9,15773,15.9,77.7,142
Metcalfe,KY,35.5,12565,25.3,30.9,119
Monroe,KY,35.9,13633,24.3,34.8,40
Montgomery,KY,34.1,13980,21.7,99.2,183
Morgan,KY,32.9,9790,37.4,34.6,109
Muhlenberg,KY,34.8,13210,22.5,65.5,148
Nelson,KY,31.6,15412,14.9,73.6,211
Nicholas,KY,35.9,14073,22.1,34.6,88
Ohio,KY,35,12626,24.1,35.7,171
Oldham,KY,33,23537,7,192.4,186
Owen,KY,35,13220,21.9,26.7,139
Owsley,KY,34.3,9373,46.4,26.2,88
Pendleton,KY,31.6,13144,17,45.4,86
Perry,KY,31.7,13374,32.5,90.3,256
Pike,KY,32.4,13981,26,92.8,186
Powell,KY,31.3,10825,28.3,66.1,95
Pulaski,KY,35.2,13846,23,77.7,256
Rockcastle,KY,33,11378,29.7,47.2,133
Rowan,KY,26,11122,27.3,74.8,364
Russell,KY,36.1,13019,24.1,60.4,141
Scott,KY,31.8,18427,15.1,88.4,456
Shelby,KY,34.9,18796,12.8,67.2,309
Simpson,KY,33.8,14709,14.9,66,283
Taylor,KY,34.5,14366,17.9,80.8,165
Trigg,KY,39.7,14030,16.2,24.6,240
Trimble,KY,34.6,13754,17.4,42.3,124
Union,KY,30.1,17126,16.5,47.2,299
Warren,KY,31.2,17018,17.4,146.4,511
Washington,KY,33.7,15158,18.5,34.9,188
Wayne,KY,34,10765,34.3,39,98
Webster,KY,35.3,16923,17.2,40.9,48
Whitley,KY,32.4,12104,30.6,77.5,135
Woodford,KY,33.7,21950,9.7,109.1,223
Acadia,LA,30.5,12368,27.6,85.8,299
Allen,LA,32.5,10023,30.5,29.6,41
Ascension,LA,29.4,16447,18.1,208.5,229
Avoyelles,LA,32.7,11306,34.1,47.1,143
Beauregard,LA,31.6,14285,18.3,26.8,326
Bossier,LA,30.6,15964,16.5,102.9,546
Caddo,LA,32.7,17745,25.3,279.6,942
Calcasieu,LA,31.6,16001,19.1,159.5,417
Caldwell,LA,33.5,12554,24.3,18.5,273
Claiborne,LA,34.7,12185,29.4,22.9,203
Concordia,LA,32.3,12442,29.3,29.9,49
Evangeline,LA,31.1,12022,31.1,50.7,128
Franklin,LA,32.4,12172,33.2,35.8,144
Grant,LA,31.9,11854,23.5,27.3,231
Iberia,LA,29.8,14270,23.9,121,325
Iberville,LA,30.5,14452,27.6,50.3,150
Jackson,LA,34.5,13206,20.9,27.4,109
Jefferson,LA,32.3,18191,16.9,1490.4,919
Lafayette,LA,29.8,17467,18.4,633.6,614
Lafourche,LA,29.4,13275,21.2,79.6,160
Lincoln,LA,24.7,14569,24.4,89.7,193
Livingston,LA,30.2,14227,15.3,113.7,100
Morehouse,LA,32,13772,31.5,40.2,89
Natchitoches,LA,29.2,12282,31,29.1,180
Orleans,LA,31.6,18825,37.9,2709.3,1031
Ouachita,LA,30.2,14959,25.1,237.5,770
Rapides,LA,31.4,14985,24.1,98.7,625
Tangipahoa,LA,30.1,12978,29.8,111.2,123
Tensas,LA,32.5,13173,40.1,11.3,8
Terrebonne,LA,29.3,13267,22.5,79.2,498
Union,LA,34.4,13727,21.6,23.9,142
Vermilion,LA,31.5,12324,22.5,42.8,115
Vernon,LA,24.7,12052,19.3,48.1,240
Washington,LA,33.3,12619,31,63.9,419
Webster,LA,34.7,14174,22.7,69.8,51
Winn,LA,33.5,12562,26.6,17.1,5
Barnstable,MA,39.5,22930,9.8,480.8,385
Berkshire,MA,35.9,21510,11.7,147.2,253
Bristol,MA,33.8,18341,11.6,911.3,421
Dukes,MA,37.1,23437,7.4,114.6,428
Essex,MA,34.5,23112,12.4,1347.5,478
Franklin,MA,34.9,18150,11.2,100.8,238
Hampden,MA,33.4,19333,14.6,730.8,532
Hampshire,MA,30.3,18201,8.6,276.9,169
Middlesex,MA,33.6,27681,8.5,1695.1,279
Nantucket,MA,35.5,32431,4.9,129.7,819
Norfolk,MA,35.1,28152,6.3,1557.8,263
Plymouth,MA,33.1,20535,9.7,666.1,336
Suffolk,MA,30.8,26160,19.4,10923.1,942
Worcester,MA,33.1,20024,11.3,468.6,304
Allegany,MD,37.5,15919,16.5,175.6,363
Baltimore,MD,35.2,24897,7.7,1177.1,677
Calvert,MD,32.6,20448,6,265.3,223
Caroline,MD,34.3,14748,11.6,87.1,249
Carroll,MD,33.3,21770,4.6,289.8,276
Cecil,MD,32.6,17900,9,214.2,376
Charles,MD,30.2,20058,7.2,229.5,483
Dorchester,MD,37,16724,17,54.2,476
Frederick,MD,32.3,20334,5.7,241.2,333
Garrett,MD,33.7,14215,15.8,44.7,220
Harford,MD,32.1,19760,6,442.6,313
Howard,MD,32.2,27601,3.8,792.6,441
Kent,MD,36.6,20385,10.4,65.9,292
Montgomery,MD,33.9,33365,6,1578.6,433
Somerset,MD,33.8,13297,22.3,71.5,416
Talbot,MD,39.6,26944,9.4,116.3,373
Washington,MD,34.4,16639,10.6,273.7,260
Wicomico,MD,33.2,17621,13.3,203.3,665
Worcester,MD,37.5,21361,12.4,78.6,752
Androscoggin,ME,32.8,17530,14.5,221.1,382
Aroostook,ME,33.3,14690,18.3,13.1,210
Cumberland,ME,33.7,22174,11,293.1,547
Franklin,ME,32.9,15109,15.4,17.3,381
Hancock,ME,35.8,18632,12.9,30.2,252
Kennebec,ME,34.2,18595,12.4,135,340
Knox,ME,37,18365,14.2,100.7,301
Lincoln,ME,37.4,20068,12.2,67.4,216
Oxford,ME,35,15191,15.3,25.4,297
Penobscot,ME,32.5,16960,15.2,43,287
Piscataquis,ME,36.5,14047,16,4.7,212
Sagadahoc,ME,32.7,18541,9.8,133.9,297
Somerset,ME,33.8,14589,18.6,12.9,317
Waldo,ME,34.7,14442,18.8,46.7,152
Washington,ME,35.7,14003,21.9,14,229
York,ME,33.7,18743,10.4,168,317
Alcona,MI,44.8,13897,16.5,15.3,242
Alger,MI,36.7,12548,13.8,10.7,191
Allegan,MI,31.9,17420,10.9,112.6,324
Alpena,MI,35.3,15858,15.8,53.8,373
Antrim,MI,36.8,15143,13,39.4,242
Arenac,MI,35.7,13774,20.3,42.5,340
Baraga,MI,36.7,13356,17,8.7,232
Barry,MI,33.8,16925,10.9,92.1,279
Bay,MI,33.9,18114,15.5,252.3,383
Benzie,MI,37.5,16544,12.9,39.2,348
Berrien,MI,33.6,17682,17.6,283,691
Branch,MI,33.4,14764,15.7,82.4,373
Calhoun,MI,33.9,17979,16.8,195.1,631
Cass,MI,34.4,16082,14.7,99.6,376
Charlevoix,MI,34.7,17362,11.3,53.3,223
Cheboygan,MI,37.1,14406,17.1,30.3,336
Chippewa,MI,32.2,12611,17.4,22.8,369
Clare,MI,36.2,13053,23.5,46.4,467
Clinton,MI,32.3,17432,7.6,103.9,235
Crawford,MI,34.7,12322,17.6,23.1,401
Delta,MI,35.2,15725,14.7,32.7,309
Dickinson,MI,36.3,17084,9.6,35.4,231
Eaton,MI,32.9,18650,8.3,165.1,450
Emmet,MI,34.5,20162,10.6,55.8,490
Genesee,MI,32,18484,19,675.8,753
Gladwin,MI,36.9,13408,20.1,45.2,284
Gogebic,MI,40.2,14536,15.8,16.3,309
Gratiot,MI,32.7,14971,15.3,69.6,305
Hillsdale,MI,32.6,15082,14,74.1,249
Houghton,MI,31.7,13615,18.9,35.7,194
Huron,MI,35.8,17417,16.7,42,249
Ingham,MI,28.4,18980,14.3,502.9,596
Ionia,MI,29.9,14124,13.1,101.2,259
Iosco,MI,32.6,14089,17.9,55,343
Iron,MI,43.6,13788,15.7,11.4,324
Isabella,MI,24.5,14698,18.5,98.2,372
Jackson,MI,33.4,16721,14.2,214.5,487
Kalamazoo,MI,31,20539,13.1,401.9,660
Kalkaska,MI,33.1,13686,15.6,25,402
Kent,MI,30.7,20616,11.6,598.1,588
Lake,MI,40.9,12081,26.4,16,485
Lapeer,MI,31.8,17199,9.4,119.7,206
Leelanau,MI,36.5,19749,10.7,49.6,173
Lenawee,MI,32.6,17356,11.9,125.2,297
Livingston,MI,32.9,21559,5.1,215.5,294
Luce,MI,37.1,16214,18.9,6.2,273
Mackinac,MI,37.1,16404,14.2,10.6,619
Macomb,MI,33.9,21589,7.4,1512.1,472
Manistee,MI,38.1,15179,18.4,40.4,246
Marquette,MI,30.7,15882,12.1,39.5,293
Mason,MI,36.2,15542,15.7,53.5,450
Mecosta,MI,25.6,12697,20.6,67.8,475
Menominee,MI,35.8,16601,12.9,23.7,336
Midland,MI,32.5,22807,12,149.3,257
Missaukee,MI,33.5,13218,17.5,22.6,174
Monroe,MI,32.2,18290,9.4,246.1,437
Montcalm,MI,32.3,13311,16.2,78.2,361
Montmorency,MI,41.6,12431,18.1,17,352
Muskegon,MI,32.7,15674,18.6,318.1,695
Newaygo,MI,33.3,14380,15.9,48.3,310
Oakland,MI,33.8,28802,7.8,1280.1,462
Oceana,MI,33.5,14927,19.7,42.4,270
Ogemaw,MI,37,12002,20.8,34.7,384
Ontonagon,MI,40.2,14943,13.9,6.7,176
Osceola,MI,33.5,13982,17.7,36.4,261
Oscoda,MI,40,11347,19.1,14.5,501
Otsego,MI,33.7,15666,10.2,37.1,327
Ottawa,MI,30.3,19717,6.6,348.8,335
Roscommon,MI,44.9,14138,18.8,39.9,583
Saginaw,MI,32.7,17430,19.5,262.5,697
Sanilac,MI,34.1,15235,16.1,42.3,187
Schoolcraft,MI,37.5,14459,17.7,7.2,287
Shiawassee,MI,32.5,16386,12.3,131.4,251
Tuscola,MI,33,15579,14.2,69,184
Washtenaw,MI,29.2,24276,10.4,405.3,590
Wayne,MI,32.5,18928,24.6,3406.8,847
Wexford,MI,33.2,15041,16.8,47.9,459
Aitkin,MN,42.8,13542,18,7,517
Anoka,MN,29.9,17899,6.4,609.9,499
Becker,MN,35,13892,17.4,21.7,372
Beltrami,MN,29.2,13800,22.3,14.3,493
Benton,MN,29.2,15239,10.4,77.4,266
Brown,MN,34.5,17684,8.8,44.4,227
Carlton,MN,34.9,15225,11.6,34.5,363
Carver,MN,30.6,21583,4.6,145.3,207
Cass,MN,38.3,14343,20,11.3,570
Chippewa,MN,37.5,16864,13,22.5,134
Chisago,MN,32.2,16370,8.1,77.8,333
Clay,MN,28.9,15314,16.4,48.9,417
Clearwater,MN,36.5,12433,21.1,8.2,351
Cook,MN,38.3,18188,7,2.8,605
Cottonwood,MN,39.2,16041,12.7,19.5,146
Dakota,MN,30.2,22500,5.4,519.2,388
Dodge,MN,31.6,16440,8.8,36.9,257
Douglas,MN,35.2,15345,11.4,46.2,359
Faribault,MN,38.9,16994,12.9,23.3,246
Fillmore,MN,36.4,14948,12.5,24,69
Freeborn,MN,37.1,16425,11.9,46.1,295
Goodhue,MN,34.2,18514,6.9,54.3,356
Grant,MN,40.7,18464,13.4,11.3,277
Hennepin,MN,32.7,27177,11.7,1869.7,705
Houston,MN,34.2,16336,8.9,33.7,127
Hubbard,MN,37.7,13555,16.2,16.7,319
Isanti,MN,32,16017,9.6,60.8,213
Itasca,MN,35.9,14668,15.4,15.6,216
Jackson,MN,36.9,15459,11.8,16.5,222
Kanabec,MN,33.5,14356,14.6,24.8,299
Kandiyohi,MN,33,16535,14.4,49.7,386
Kittson,MN,38.6,21827,11.1,5.1,61
Koochiching,MN,35.6,14844,12.2,5.2,348
Lake,MN,39.2,15043,9.8,5,184
Lincoln,MN,41.4,14375,14,12.8,135
Lyon,MN,31.6,18266,10.6,34.6,236
McLeod,MN,32.9,17844,7.2,66.1,340
Marshall,MN,36.5,17321,12,6.1,152
Martin,MN,37,17911,11.7,32,351
Meeker,MN,34.9,15637,11,34.2,273
Morrison,MN,32.7,13244,14.4,26.5,250
Mower,MN,37.4,19022,11.1,52.4,359
Murray,MN,38.3,16680,11.9,13.8,116
Nicollet,MN,30.1,17141,8,63.2,271
Nobles,MN,35.8,17547,11.4,28.2,206
Norman,MN,39,17901,16.1,8.9,149
Olmsted,MN,31.6,21945,7.3,169.1,380
Pennington,MN,34.1,16337,13.5,21.7,421
Pine,MN,34.5,13481,15.4,15.5,509
Pipestone,MN,36,15886,11.8,22.5,76
Polk,MN,34.8,17245,16.9,16.5,284
Pope,MN,38.5,14917,13.2,16.1,194
Ramsey,MN,32,22776,13.4,3122,633
Redwood,MN,36.7,17475,10.3,19.5,287
Renville,MN,36.7,17629,15.1,17.8,183
Rice,MN,30.2,16297,9.3,101.5,395
Rock,MN,36.6,17654,9.6,20.3,147
Roseau,MN,30.6,16422,8.4,9.4,224
Scott,MN,30.2,19776,4.7,174.6,359
Sherburne,MN,28.6,15826,6.8,104.9,298
Sibley,MN,35.5,15567,10.8,24.5,93
Stearns,MN,27.9,15836,10.6,90.5,318
Steele,MN,32.7,18293,7.7,72.6,288
Stevens,MN,30.5,16418,11.5,18.7,173
Swift,MN,38,15457,13.6,14.1,175
Todd,MN,34.6,13039,16.4,24.8,243
Traverse,MN,41.3,21802,14.3,7.7,86
Wabasha,MN,34.2,17371,8.3,38.1,242
Wadena,MN,36,13086,18.3,24.1,297
Waseca,MN,33.2,16102,9.3,42.8,132
Washington,MN,31.5,21677,4.8,403.6,365
Watonwan,MN,35.7,16876,12.1,26.7,261
Wilkin,MN,34.4,17797,13.6,9.8,430
Winona,MN,30.2,17072,11,76.5,392
Wright,MN,30,16993,7.2,109.7,320
Adair,MO,27.4,14118,17.5,43.2,300
Andrew,MO,35.2,15373,11.9,34.2,151
Atchison,MO,38,17448,16.7,13.2,44
Audrain,MO,37,16055,14.7,34,167
Barry,MO,37.3,13758,16.9,36.8,21
Barton,MO,36.2,15074,15.1,19.4,181
Bates,MO,37.5,15124,18.1,17.8,268
Benton,MO,44.7,12181,19.2,20.3,226
Boone,MO,27.7,18137,14,170.6,536
Buchanan,MO,34.1,17000,17,203.3,540
Butler,MO,35.9,14723,24.3,56.8,371
Caldwell,MO,37.6,13581,17.1,19.8,66
Callaway,MO,32.6,15546,12.6,40,197
Camden,MO,41.7,15806,13.8,44,255
Carroll,MO,38.2,15891,16.8,15.4,45
Cass,MO,32.3,17182,9.2,96.4,204
Cedar,MO,42.4,13049,19.8,25.4,33
Chariton,MO,38.7,16042,14.6,11.8,63
Christian,MO,32.6,14940,11.1,64.3,117
Clark,MO,35.9,12890,17.3,15,15
Clay,MO,32.8,19725,7.6,399.7,668
Clinton,MO,35.1,16301,11.2,40.8,54
Cole,MO,32.8,18218,9.5,167.3,347
Cooper,MO,34.1,15283,13.8,26.7,266
Crawford,MO,35.6,13669,19,26.8,41
Dallas,MO,36.6,12177,20.5,24.4,80
Daviess,MO,38,13533,19.5,13.8,137
Dent,MO,37.3,13412,22.5,18.2,127
Douglas,MO,37,11153,23.2,14.5,19
Dunklin,MO,36.1,14575,28.2,60.5,234
Franklin,MO,32.2,16800,11.3,90.4,339
Gasconade,MO,37.6,15742,11.7,27.3,128
Gentry,MO,40.2,14088,14.6,13.8,15
Greene,MO,32.5,18419,15.9,318.8,586
Grundy,MO,39.7,14819,17.5,24.1,306
Harrison,MO,41.4,14803,18.8,11.6,54
Henry,MO,38.3,14961,17.4,29,301
Hickory,MO,50.3,11421,21.8,19.1,179
Holt,MO,38.5,16102,16,12.8,83
Howard,MO,34.9,15099,15.3,20.8,103
Howell,MO,36.4,13165,22.6,35.1,167
Iron,MO,37.1,12737,24.4,19.4,30
Jackson,MO,33.1,20157,17.5,1047.5,927
Jasper,MO,34.1,16615,16.6,143.8,551
Jefferson,MO,30.7,15485,9.3,270.6,351
Johnson,MO,26.2,13494,14.4,52.7,156
Laclede,MO,34.2,14088,17.4,36.2,165
Lafayette,MO,35.3,16778,13.8,49.6,97
Lawrence,MO,35.6,13429,16.3,50.1,86
Lewis,MO,34.1,14245,16.4,20.2,54
Linn,MO,39.4,15154,16.3,22.2,170
Livingston,MO,37,16538,15.8,27.3,58
McDonald,MO,34.1,12805,20.8,32.3,12
Macon,MO,38.5,15454,14.1,18.9,68
Maries,MO,36.6,12989,16.4,15.5,85
Marion,MO,34.7,15513,16.7,63.7,455
Mercer,MO,43.3,12194,17.4,8.1,65
Monroe,MO,36.1,16073,14.7,13.8,5
Montgomery,MO,37.1,16440,15.3,21.2,186
Morgan,MO,41.6,13714,18.9,26.8,249
Newton,MO,34.6,15043,15.4,72.9,200
Nodaway,MO,28.2,14527,15.7,24.4,164
Oregon,MO,40.2,12254,25.5,12,33
Osage,MO,32.5,16071,9.3,20,7
Ozark,MO,42,12186,23,11.8,107
Pemiscot,MO,32.6,13193,34.7,43.8,75
Perry,MO,34.4,15478,10.9,35.8,91
Pettis,MO,34.6,15652,15.5,52.1,365
Phelps,MO,31.9,14851,18.2,53.6,156
Pike,MO,36,14865,17,23.6,39
Platte,MO,32.7,21868,6.5,146.3,573
Polk,MO,33.3,13355,19.3,35.5,85
Pulaski,MO,26.8,12792,17.2,79.9,121
Ralls,MO,36.5,16900,12,18,17
Randolph,MO,34.4,15371,19.1,49.5,300
Ray,MO,34.1,14987,12.1,38.1,159
Reynolds,MO,36.8,11605,23.9,8.1,97
Ripley,MO,37.1,10957,30.4,20,6
Saline,MO,35.2,16380,16.5,30.3,219
Schuyler,MO,39.1,13035,16.8,13.6,114
Scotland,MO,38.6,15853,20,10.9,60
Scott,MO,33.1,15100,20.4,94.1,323
Shelby,MO,38.6,15905,16,13.8,90
Stoddard,MO,36.7,14827,19.7,35.1,53
Sullivan,MO,42.3,13118,19,9.7,60
Taney,MO,40.2,17081,12.7,43.6,339
Vernon,MO,35.6,15244,18.7,22.5,362
Warren,MO,33.6,15776,11.2,47.9,261
Washington,MO,31.6,11399,28.1,27.4,265
Wayne,MO,39.8,11157,27.5,15.9,110
Worth,MO,42.4,14135,20.9,9,88
Adams,MS,33.7,14250,29.2,75.4,334
Alcorn,MS,35.5,14240,18.9,81.5,60
Bolivar,MS,26.4,12489,40.1,47.6,17
Calhoun,MS,34.8,12929,22,25.4,3
Chickasaw,MS,31.4,13375,20.9,35.9,101
Choctaw,MS,32.7,10676,26.4,21.7,13
Clarke,MS,33.1,12515,21.1,25.2,77
Coahoma,MS,29,13860,42.2,56.8,163
Copiah,MS,30.3,11393,31.2,35.9,114
Covington,MS,31.2,11955,27.7,39.9,46
DeSoto,MS,31.5,16691,11.1,154.1,13
Forrest,MS,28.8,14188,24.6,149.3,565
Franklin,MS,33.6,11117,27.7,14.5,30
George,MS,30.9,11860,21.8,36,20
Grenada,MS,32.5,13665,23.3,51.9,515
Hancock,MS,34.5,13326,20.9,69.6,196
Harrison,MS,30.7,14567,20.2,291,469
Hinds,MS,30.8,17483,26.1,291.8,1102
Humphreys,MS,27.6,12763,41.9,28.5,61
Itawamba,MS,35.1,13383,13.9,37.8,99
Jackson,MS,31.7,15343,16.3,165.8,421
Jones,MS,33.6,14271,23.2,89.6,432
Lafayette,MS,25.8,13147,18.9,50.9,250
Lamar,MS,30.4,13763,19.5,62.5,20
Lauderdale,MS,32.1,15751,23.6,108.4,264
Leake,MS,33.7,12857,27.5,31.7,1
Lee,MS,31.9,16950,15.6,151.9,497
Leflore,MS,29.2,13921,37.6,63.3,542
Lowndes,MS,29.5,14796,21.7,119.5,226
Madison,MS,29.6,16012,22.4,80.8,285
Marshall,MS,30.1,11763,28.3,44.2,4
Monroe,MS,32.8,12787,19.3,48,137
Montgomery,MS,33.8,11876,28,30.2,61
Newton,MS,33.1,13360,21.6,35.8,37
Oktibbeha,MS,24.6,12431,26.1,83.2,476
Panola,MS,30,12059,29.6,45.4,81
Pike,MS,32.2,12489,30.8,90.5,286
Prentiss,MS,33.1,11885,18.8,56.6,112
Rankin,MS,32.7,16411,12.3,118.6,132
Scott,MS,31.6,14289,24.1,40.1,32
Sharkey,MS,26.7,11881,44.3,16.4,60
Simpson,MS,32.2,13375,23,40.9,66
Stone,MS,30.9,13016,24.9,24.9,53
Sunflower,MS,28.6,10998,45.9,52,20
Tippah,MS,33.4,12650,19.1,43.2,3
Tishomingo,MS,36.9,12424,16.7,42.4,18
Walthall,MS,31.3,10406,37.4,35.4,46
Warren,MS,32.4,16285,22.9,81.8,486
Washington,MS,29.1,13042,35.8,92.1,810
Wayne,MS,30.9,12057,29.2,24.1,139
Webster,MS,34.8,12302,22.4,24.1,41
Yalobusha,MS,34.8,13873,26.1,25.9,36
Beaverhead,MT,32.5,15539,16.8,1.6,190
Blaine,MT,31.6,11936,22.2,1.6,87
Broadwater,MT,36.4,14923,14.7,2.9,443
Carbon,MT,38.5,16686,15,4.1,237
Cascade,MT,32.7,17764,13.8,29.4,470
Chouteau,MT,36.8,17003,12.5,1.4,244
Custer,MT,35.5,16824,15.9,3.1,425
Daniels,MT,41.6,19080,9.3,1.5,10
Dawson,MT,35.5,16027,13.4,3.8,268
Fallon,MT,35.2,15841,10,1.9,124
Fergus,MT,38,15749,12.7,2.9,346
Flathead,MT,35.3,16952,14.8,12.3,570
Gallatin,MT,29.8,16701,12.8,21.5,152
Granite,MT,38.5,15177,17.1,1.4,288
Hill,MT,31.7,16145,19,6.1,459
Jefferson,MT,35.1,17705,9.2,5,29
Lake,MT,34.7,14431,20.6,14.8,217
Lincoln,MT,34.7,13626,16,4.9,352
McCone,MT,36,15328,12.3,0.8,24
Madison,MT,37.8,13760,13,1.7,215
Meagher,MT,37.7,17534,17,0.8,278
Mineral,MT,35.4,12100,18.2,2.8,665
Missoula,MT,31.6,17218,16,31.7,542
Musselshell,MT,39.8,14081,18.4,2.2,224
Park,MT,37,14441,14.5,5.6,429
Phillips,MT,34,14448,15.3,1,251
Pondera,MT,34.2,15561,18,3.9,171
Powell,MT,35.9,13884,15.7,2.9,206
Ravalli,MT,37.8,14373,15.5,11.5,209
Richland,MT,33,15710,15,5,243
Roosevelt,MT,29.8,12748,26.9,4.6,210
Rosebud,MT,29.4,16398,18.1,2.1,186
Sanders,MT,37,12824,18.6,3.2,152
Sheridan,MT,39.6,17944,11.1,2.7,253
Stillwater,MT,36.5,15730,10.6,3.8,128
Teton,MT,36.5,14923,13.6,2.7,40
Toole,MT,35.3,17453,13.4,2.6,240
Valley,MT,36.9,16691,16.2,1.7,278
Wheatland,MT,38.5,16929,16,1.6,231
Yellowstone,MT,33.5,18938,12.6,44.8,674
Alamance,NC,35.6,17689,10.3,258.2,437
Alleghany,NC,39.6,14415,14.3,41.3,101
Anson,NC,34.2,14521,20,44.2,368
Avery,NC,35,15702,17.2,60.3,222
Beaufort,NC,35.7,15035,19.1,52,565
Bertie,NC,33.4,13386,25.3,29.2,296
Bladen,NC,34.9,13604,23.2,33.1,400
Brunswick,NC,37.1,14409,16.1,63.4,165
Buncombe,NC,36.8,18487,13.1,275,470
Burke,NC,35.1,15743,11.5,152.6,348
Cabarrus,NC,34.6,17861,9.8,284.9,422
Caldwell,NC,34.6,15879,11.5,152.2,370
Carteret,NC,35.9,15530,13.8,103.1,502
Caswell,NC,35.8,13697,16,48.6,274
Catawba,NC,34.3,19410,9.5,303.3,523
Chatham,NC,36.1,18882,10.9,59.1,390
Cherokee,NC,39.3,12188,18.5,44.8,265
Chowan,NC,36.4,14786,19.1,80,457
Cleveland,NC,34.7,15790,13.3,187.2,472
Columbus,NC,34.3,14360,23.7,53.6,444
Craven,NC,30.2,16046,16.4,120.5,557
Cumberland,NC,27.3,15970,15.5,424.4,847
Currituck,NC,34.3,15390,12.2,56.2,274
Dare,NC,35.2,16932,8.8,61.8,797
Davidson,NC,34.5,16639,11.6,235.1,460
Davie,NC,36.3,20340,8.8,107.1,304
Duplin,NC,34.3,15878,20,49.6,381
Durham,NC,31.7,20810,13.5,648,951
Edgecombe,NC,32.6,14734,23.1,111.5,711
Forsyth,NC,33.9,22580,12.2,660.2,810
Franklin,NC,33.7,14133,16.8,77.5,324
Gaston,NC,33.5,16819,13.2,499.9,601
Granville,NC,34.1,14548,13.6,73.6,519
Greene,NC,33.5,15451,18,59.2,264
Guilford,NC,33.4,21612,11.9,550.2,757
Halifax,NC,33.6,13902,26.4,77.2,552
Harnett,NC,31.3,13928,17.8,118.5,581
Haywood,NC,39.9,15686,13.9,87,329
Henderson,NC,40.7,18547,11.9,192.6,310
Hertford,NC,33.6,12691,25.2,63.6,376
Hoke,NC,29.6,11560,19.8,61.3,592
Iredell,NC,34.8,17345,10.2,168.5,179
Jackson,NC,33,13968,18.3,56.3,228
Johnston,NC,34.3,16677,15.5,108.8,532
Lee,NC,34.2,18493,14.7,167.1,717
Lenoir,NC,34.7,16653,20.7,144.8,673
Lincoln,NC,33.9,16290,9.2,176.4,338
McDowell,NC,35.7,13996,11.5,82,328
Macon,NC,42.7,14745,15,47.2,120
Madison,NC,36.8,13693,18.6,38.5,15
Martin,NC,34.7,15280,16.1,54.7,579
Mecklenburg,NC,32,23543,12.7,1016.3,1094
Mitchell,NC,39,13954,15,65,10
Montgomery,NC,33.7,14265,17.5,47.6,401
Moore,NC,38.6,20534,11.7,88.6,385
Nash,NC,33.8,17277,15.7,148.8,630
Northampton,NC,36.3,13464,24.5,38.6,232
Onslow,NC,24.6,12596,16.4,188.4,488
Orange,NC,28.9,21197,10.4,248.6,710
Pamlico,NC,38.3,14500,19,34.4,251
Pasquotank,NC,32.2,14761,19.7,143.2,329
Pender,NC,35.9,14563,16.9,35.6,305
Perquimans,NC,37.6,13789,21.2,42.5,276
Person,NC,34.8,15892,14,78.8,319
Pitt,NC,29.5,16766,22,172.7,813
Polk,NC,43.3,21395,9.4,63.1,194
Randolph,NC,34.3,16342,8.9,140.3,335
Richmond,NC,34,13860,17.9,94.9,497
Robeson,NC,30.3,13048,24.5,113.5,438
Rockingham,NC,35.5,16015,13.3,153.4,417
Rowan,NC,35.2,16082,11.7,222.3,451
Rutherford,NC,35.6,14932,13.9,103,330
Sampson,NC,34.7,17105,19.4,51.4,404
Scotland,NC,31.5,14188,20.3,107.5,559
Stanly,NC,34.8,15534,11,133.9,424
Stokes,NC,34.3,15598,10.8,85.6,255
Surry,NC,36.3,16623,12.3,117.6,291
Swain,NC,35.3,11415,24,21.8,99
Transylvania,NC,38,16996,13.3,68.7,227
Union,NC,32,17072,10.8,139.8,477
Vance,NC,33,15039,20.5,156.6,874
Wake,NC,31.4,23069,9.3,549.9,562
Warren,NC,37.1,11390,24.5,40.8,243
Washington,NC,34,15328,21,40.8,409
Watauga,NC,27.8,14068,16,122.2,290
Wayne,NC,31.8,14439,17.5,194.2,561
Wilkes,NC,35.2,15691,13.9,79.2,245
Wilson,NC,33.8,17529,19.5,179.7,856
Yadkin,NC,36.6,16084,11.3,93.6,229
Adams,ND,39.3,17226,11.4,3,90
Barnes,ND,36.6,16530,14,8.2,181
Bottineau,ND,37.9,18011,12.6,4.6,143
Bowman,ND,37.2,19262,10.5,2.9,194
Burleigh,ND,32,18761,9.9,38.2,389
Cass,ND,30,19168,9.4,60.4,411
Cavalier,ND,38.9,19626,10.5,3.8,177
Dickey,ND,37.4,16951,15.4,5.2,85
Divide,ND,43.9,18245,10.2,2.1,67
Dunn,ND,35.1,13124,14.2,1.9,31
Eddy,ND,40.5,15773,11.2,4.6,159
Emmons,ND,40.4,15487,13.1,3,87
Foster,ND,37.6,18324,11.3,6,32
Grant,ND,39.9,13451,18.8,2,21
Griggs,ND,41,17253,12.4,4.5,50
Hettinger,ND,40.5,16993,14.2,2.8,13
Kidder,ND,38.6,14018,15.8,2.4,128
Logan,ND,42.4,17044,13.7,2.7,182
McHenry,ND,39.3,14342,15.5,3.4,114
McIntosh,ND,48.7,17843,13.2,3.9,63
McKenzie,ND,33,16443,17.1,2.2,130
McLean,ND,37.3,17465,12.5,4.7,98
Mercer,ND,32.4,19072,7.7,9.1,197
Morton,ND,33.1,15493,11.9,12.2,426
Mountrail,ND,35.9,17465,16.5,3.7,78
Pembina,ND,36.7,21502,10.5,8,106
Pierce,ND,40.2,18863,12.9,4.7,252
Ramsey,ND,35.1,17949,13.7,10.5,359
Ransom,ND,38.6,16084,10.3,6.8,71
Renville,ND,37.2,18317,8.5,3.4,227
Richland,ND,32.4,15357,12.1,12.5,57
Rolette,ND,26.7,11923,33.8,14.5,66
Sargent,ND,37.6,20108,8.6,5.1,112
Stark,ND,31.7,15053,13.4,17,245
Stutsman,ND,35,16998,12.4,9.8,237
Towner,ND,38,19670,12.7,3.3,15
Traill,ND,35.7,17667,12.4,10,92
Walsh,ND,36.1,18900,13.1,10.4,305
Ward,ND,29.3,16679,12,28.6,367
Wells,ND,42.1,18655,12.8,4.4,123
Williams,ND,33.4,16604,13.4,10,273
Adams,NE,34.3,18788,10,52.5,365
Antelope,NE,35.5,16595,13.9,9.1,86
Boone,NE,36.2,19413,11.3,9.6,45
Boyd,NE,41.1,15679,13.7,5.2,47
Brown,NE,39,16479,13.5,3,208
Buffalo,NE,28.6,16770,11.1,39.7,426
Burt,NE,38.8,16415,13.3,16,135
Butler,NE,37,18249,8.9,14.9,168
Cass,NE,33.4,18111,8.5,39.5,275
Cedar,NE,34.5,15449,9.9,13.6,71
Chase,NE,36.8,19659,11.1,4.8,128
Cherry,NE,36.1,14653,15.4,1.1,103
Cheyenne,NE,35.9,19237,10.8,7.9,283
Clay,NE,37.3,18824,10.7,12.6,132
Colfax,NE,35.3,17689,10.2,22.7,254
Cuming,NE,36.8,20412,8.7,17.5,119
Custer,NE,39.1,18973,13.7,4.8,161
Dakota,NE,31.2,15562,11.4,65.2,314
Dawes,NE,30.6,14369,18.2,6.4,455
Dawson,NE,36.1,17593,11.9,21.4,522
Deuel,NE,38.9,18647,7.6,5,91
Dixon,NE,36.9,16977,10.5,13,98
Dodge,NE,35.5,17781,10.2,64.7,363
Douglas,NE,31.8,22446,12.3,1286.7,435
Dundy,NE,39,21828,8.9,2.7,176
Fillmore,NE,38.3,24100,9,12.1,99
Franklin,NE,42.6,17645,11.1,6.8,110
Frontier,NE,37.3,15029,10.1,3.2,300
Furnas,NE,42.4,18469,10.4,7.9,175
Gage,NE,37.2,18099,11.5,26.7,301
Garden,NE,41.9,18222,12.5,1.3,265
Gosper,NE,40.7,19261,6.2,4.4,281
Greeley,NE,36.6,16342,12.6,5.3,7
Hall,NE,33.2,17873,11.4,91,655
Hamilton,NE,35.2,18969,8.1,16.6,193
Harlan,NE,41.1,18589,12,6.7,278
Hitchcock,NE,37.5,16929,11.5,5.1,44
Holt,NE,34.4,17763,13,5.2,87
Howard,NE,37.2,14689,10.6,10.9,158
Jefferson,NE,39.9,18965,10.8,15,183
Johnson,NE,40.5,17103,9.1,12.2,100
Kearney,NE,35.7,19662,7.8,12.8,256
Keith,NE,36.6,15862,9.9,7.9,410
Kimball,NE,38.2,19083,10.1,4.2,353
Knox,NE,40.6,15972,14.9,8.6,62
Lancaster,NE,30.7,19483,9,262.4,751
Lincoln,NE,34.6,17379,12,12.9,550
Madison,NE,32.2,17293,10.4,57.8,367
Merrick,NE,36.2,15604,8.9,16.7,244
Morrill,NE,37.4,19454,14.6,3.7,164
Nance,NE,36.3,17655,11.8,9.7,98
Nemaha,NE,35.1,17650,11.3,19.3,91
Nuckolls,NE,40.3,17845,11.7,9.7,43
Otoe,NE,38.2,17557,10,23.4,193
Pawnee,NE,44.1,19491,12.3,7.4,109
Perkins,NE,37.7,20474,8.7,3.6,109
Phelps,NE,36,20617,8.5,18.1,215
Pierce,NE,35.4,16388,10,13.6,114
Platte,NE,32.1,18335,8.8,44.4,327
Polk,NE,39.4,20835,6.9,12.5,189
Richardson,NE,39.7,17582,13.6,17.9,126
Saline,NE,35.7,17891,8.1,22.1,199
Sarpy,NE,28.6,16723,4.8,445,269
Saunders,NE,35.1,16526,8.2,24.5,199
Seward,NE,33.1,18373,7.8,27.3,208
Sheridan,NE,38.1,15639,17.1,2.7,324
Sherman,NE,38.6,15990,12.7,6.5,168
Stanton,NE,31.6,16255,10.6,14.4,118
Thayer,NE,41.8,20227,11.8,11.5,170
Thurston,NE,29.9,12547,23.9,17.8,27
Valley,NE,39.7,17543,11.3,8.8,220
Washington,NE,34.8,19841,6,43.5,159
Wayne,NE,28.6,15414,10.2,21.4,157
Webster,NE,43.8,19654,11.4,7.3,190
York,NE,34.8,19617,8.3,25.2,237
Belknap,NH,35,20126,8.5,122.4,363
Carroll,NH,36.9,22291,11.6,38.8,294
Cheshire,NH,33.4,19810,8.7,99.6,242
Coos,NH,36.3,18218,11.7,19.1,177
Grafton,NH,32.2,21748,10.8,44.3,291
Hillsborough,NH,32.2,22684,8.7,388,329
Merrimack,NH,33.5,22294,8.2,128.4,263
Rockingham,NH,32.6,23296,6.4,353.4,244
Strafford,NH,30.5,18620,9.6,280.9,312
Sullivan,NH,35.3,19379,11.2,71.3,259
Atlantic,NJ,34,24178,12.7,408.8,983
Bergen,NJ,37.6,33763,5.7,3561.5,318
Burlington,NJ,33,23582,6.4,489.4,322
Camden,NJ,32.8,21701,13.9,2277.6,624
Cumberland,NJ,33.3,18860,15.8,284.3,656
Essex,NJ,33.4,26413,19.3,6114,952
Gloucester,NJ,32.5,19871,7.6,727.3,399
Hudson,NJ,33.1,21180,18.2,11845.8,712
Hunterdon,NJ,35.2,30078,3.2,259.7,157
Mercer,NJ,34.1,28333,9.3,1448.2,562
Middlesex,NJ,33.4,25130,7.1,2198,433
Monmouth,NJ,35,27251,7.5,1201.1,374
Morris,NJ,35.3,33375,4,910.7,257
Ocean,NJ,38.5,22265,7.6,696.2,373
Passaic,NJ,33.4,21824,13.3,2464.3,537
Salem,NJ,35.1,20939,11,193,339
Somerset,NJ,34.8,35536,4,820.5,336
Sussex,NJ,32.9,22586,4.6,258.3,206
Union,NJ,35.8,27812,9.5,4774.4,545
Warren,NJ,34.4,21587,6.4,261.5,205
Bernalillo,NM,32.2,18684,18,428,785
Colfax,NM,35.5,15060,18.4,3.5,372
Curry,NM,29,14249,20.1,32.5,30
Eddy,NM,33.4,15108,19.7,12.3,174
Grant,NM,33.2,12701,22.6,7.2,540
Lea,NM,30.2,14230,23.2,12.9,641
Lincoln,NM,37.1,16578,20.3,2.7,526
Luna,NM,36.7,11823,34.3,6.7,524
McKinley,NM,25.4,9624,38.7,11.9,432
Otero,NM,29,13740,18.3,7.8,338
Quay,NM,37,14378,27.7,3.7,565
Roosevelt,NM,28.8,14162,27.4,7.1,387
Sandoval,NM,30.8,14378,14.8,18.5,189
Sierra,NM,51,13363,23.1,2.4,784
Socorro,NM,30,11607,31.2,2.3,456
Taos,NM,33.9,12172,26.6,10.9,361
Union,NM,37,15837,19.8,1,200
Valencia,NM,31.5,13924,21,45.2,459
Churchill,NV,33,16760,9.4,3.8,210
Clark,NV,33.1,21136,12.4,106.4,645
Elko,NV,29.4,19495,7.1,2.2,135
Humboldt,NV,30.6,19552,8.9,1.5,437
Lincoln,NV,33.4,19409,11.7,0.4,195
Mineral,NV,33.9,18849,12,1.7,302
Pershing,NV,31.7,16713,11.5,0.7,330
Washoe,NV,33.6,25635,10.3,42.3,672
Albany,NY,33.9,23528,11.3,558.6,534
Allegany,NY,31.1,13417,18.4,49.7,267
Broome,NY,34.1,19155,12.4,300.3,328
Cattaraugus,NY,33.2,15252,16,65.3,306
Cayuga,NY,33.1,16098,13.6,119.4,287
Chautauqua,NY,34.3,16025,17.1,133.7,376
Chemung,NY,34.2,17248,13.9,233.2,426
Chenango,NY,33.9,15722,14.5,58.5,255
Clinton,NY,29.9,15497,14.3,82.4,245
Columbia,NY,36.5,18599,11.7,99.6,297
Cortland,NY,30.3,15672,14,98.9,429
Delaware,NY,35.6,14777,15.1,32.8,226
Dutchess,NY,33.4,22518,8,327.6,340
Erie,NY,34.7,19716,15.4,930.1,586
Essex,NY,35,16693,15,20.8,245
Franklin,NY,32.8,13989,17.5,29.7,218
Fulton,NY,35.2,16327,14.1,109.6,381
Genesee,NY,33.3,17553,9.5,123.3,292
Greene,NY,35.5,16281,12.8,71.6,304
Herkimer,NY,35.3,15153,13.6,47,191
Jefferson,NY,29.2,15513,14.9,89.4,250
Kings,NY,32.3,19009,31.6,32360.3,2792
Lewis,NY,31.5,14125,13.9,21.4,109
Livingston,NY,31.2,16841,10.5,101.2,279
Madison,NY,31,17078,11.3,108.4,248
Monroe,NY,33,22766,11.8,1099,619
Montgomery,NY,36.6,16933,13.1,128.7,191
Nassau,NY,36.6,32189,6,4520.6,312
Niagara,NY,34.6,18045,12.6,422.9,448
Oneida,NY,33.8,17302,14.2,208.1,363
Onondaga,NY,32.8,20137,12.2,607.3,451
Ontario,NY,34.1,19637,9.3,151.6,261
Orange,NY,31.9,19530,11.7,386.6,330
Orleans,NY,32.5,15347,11.9,111.7,303
Oswego,NY,30.5,16777,13.5,130.5,293
Otsego,NY,33.1,16225,13.5,61,206
Putnam,NY,33.7,24514,4.5,375.8,193
Rensselaer,NY,32.8,18797,11.9,239,365
Rockland,NY,34.1,26381,8.9,1549.4,266
Saratoga,NY,32.8,20179,7.6,231.4,274
Schenectady,NY,35.6,21765,9.8,729.7,440
Schoharie,NY,33.5,15116,13.3,52.9,209
Schuyler,NY,34.7,13896,13.2,57.5,264
Seneca,NY,34.7,17072,10.9,103.1,213
Steuben,NY,34.4,17401,14.8,71.9,338
Suffolk,NY,33.5,23776,7.5,1465,443
Sullivan,NY,34.8,18725,15.9,72.8,411
Tioga,NY,33,16878,10.9,102.6,224
Tompkins,NY,27.2,16235,13.6,200.6,493
Ulster,NY,34.4,19453,11.1,149.8,303
Warren,NY,34.4,19350,10.9,69.6,476
Washington,NY,33,14676,11.9,72.3,223
Wayne,NY,32.9,18188,10,151.1,327
Westchester,NY,36.2,35123,8.8,2038.1,378
Wyoming,NY,32.4,14253,11.7,73.5,270
Yates,NY,34.8,14712,15.4,68.6,208
Adams,OH,32.9,11918,23.2,45.2,0
Allen,OH,33,17325,13.7,271.7,412
Ashland,OH,33.3,15617,10.2,114.5,191
Ashtabula,OH,34.4,15158,16.8,143.4,327
Athens,OH,25.4,12355,23.4,117.6,168
Auglaize,OH,32.8,17917,7.1,114.4,226
Belmont,OH,37.9,15345,17.4,131.8,61
Butler,OH,31.5,18308,9.9,651.2,433
Carroll,OH,34.3,14315,13.5,68.9,31
Champaign,OH,34.3,17395,10.3,85.6,241
Clark,OH,34.3,17820,14.4,369.5,621
Clermont,OH,31.2,17084,9.4,349,343
Clinton,OH,32.7,16549,11.8,89.3,286
Columbiana,OH,35,14878,16.3,207.1,88
Coshocton,OH,34.7,14790,14.3,63.3,208
Crawford,OH,34.5,15581,13.3,118.3,180
Cuyahoga,OH,34.9,22745,18.1,3078.1,484
Darke,OH,33.9,16518,9.7,89.7,193
Defiance,OH,32.6,17588,9,96.1,318
Delaware,OH,33.4,23025,6.5,160.9,250
Erie,OH,34.9,19057,11.5,304.1,483
Fayette,OH,34.8,14835,15.1,68.6,150
Franklin,OH,30.8,20785,13.4,1833,753
Fulton,OH,32.5,17660,7.4,97.6,269
Gallia,OH,33.5,13961,21.2,68.9,134
Geauga,OH,34.5,22403,6,205.9,102
Greene,OH,32.4,18890,9.3,336.2,374
Guernsey,OH,34.7,13959,18.8,75.5,224
Hamilton,OH,32.8,22932,14.5,2138.4,616
Hardin,OH,31.6,13906,14.7,66.3,99
Harrison,OH,36.8,13604,18.7,39.6,164
Henry,OH,33,17539,7.9,70.8,113
Highland,OH,34.2,13609,15.7,67.2,165
Hocking,OH,34.3,13761,15.6,62.9,251
Huron,OH,32.1,16814,11.4,116.6,199
Jefferson,OH,37.6,15942,17.1,193.8,209
Lake,OH,34.3,20387,7.3,962.8,244
Lawrence,OH,34.2,13913,21.4,138.1,48
Licking,OH,33.5,17589,11.6,192,227
Logan,OH,33.7,17387,12.1,95.5,211
Lorain,OH,32.8,17467,11.7,560.7,299
Lucas,OH,32.5,19417,16.7,1352.8,770
Madison,OH,32.3,15040,10.6,83.6,60
Mahoning,OH,36.3,17436,17.4,638.6,371
Marion,OH,33.6,15988,14.5,159.4,353
Medina,OH,33.3,19344,5.8,304.1,39
Miami,OH,34.3,18555,9.3,233.2,293
Monroe,OH,36.5,14137,18.3,33.6,82
Montgomery,OH,33.3,20030,13.9,1248.6,602
Morgan,OH,34.1,14512,19.5,34.2,83
Morrow,OH,33,13227,12.8,70.3,60
Muskingum,OH,33.5,16065,16,124.1,319
Ottawa,OH,36.4,19065,8.8,157.2,127
Perry,OH,32.4,12425,18.4,78.8,69
Pickaway,OH,33,14633,13,100,151
Pike,OH,32.9,13223,24.2,57.3,75
Portage,OH,30,16339,10.6,296.7,275
Preble,OH,33.7,15550,10.1,96.3,198
Richland,OH,34.3,16300,13,256.3,623
Ross,OH,33.8,14640,17.9,103.7,217
Sandusky,OH,33.2,17028,11,153,223
Scioto,OH,34.2,13540,24,132.3,357
Seneca,OH,32.5,16547,12.1,108.8,103
Shelby,OH,31.6,17769,8.8,112.1,63
Stark,OH,35,17984,12.7,644.7,451
Summit,OH,34.3,19866,14.3,1265,480
Trumbull,OH,35.6,18406,13.3,372.5,154
Tuscarawas,OH,35,15651,13.2,150.5,199
Union,OH,32.9,18872,8.2,76.9,185
Vinton,OH,33.6,12324,21.7,27.5,187
Warren,OH,32.7,18920,7.3,298.6,322
Washington,OH,34.6,15917,14.4,98.7,233
Wayne,OH,32.2,16971,11.2,186.9,213
Williams,OH,33.2,17665,8.5,88.4,160
Wood,OH,29.3,18563,9.5,184.8,336
Wyandot,OH,34.1,15820,8.5,55,151
Adair,OK,31.6,13141,25,33.2,140
Alfalfa,OK,40,16159,14.8,7.3,175
Atoka,OK,34.8,10205,28.3,13.4,142
Beaver,OK,36.6,18036,9.2,3.3,203
Beckham,OK,34.5,14197,22.6,20.6,499
Blaine,OK,35.8,14565,20.4,12.1,339
Bryan,OK,34.6,12634,24.4,35.8,474
Caddo,OK,34.3,13605,26.6,23,235
Canadian,OK,32,16627,9.7,85.8,445
Carter,OK,35.3,15825,20.8,52.3,663
Cherokee,OK,31.9,13767,26.4,47.3,349
Choctaw,OK,35.9,12831,33.3,19.9,274
Cimarron,OK,37.2,22060,15.9,1.7,147
Cleveland,OK,29.7,16143,12.5,337.4,668
Coal,OK,36.4,10350,25.9,11.2,183
Comanche,OK,28.2,14336,17.3,112.5,500
Cotton,OK,37.1,15421,18.3,10.4,173
Craig,OK,37.9,13921,18,18.5,301
Creek,OK,34.2,14414,16.5,65.2,355
Custer,OK,29.7,14531,18.4,27,358
Delaware,OK,39.9,13919,21.7,39.6,226
Dewey,OK,38.2,15858,16.1,5.4,156
Ellis,OK,39.9,16860,14.7,3.6,102
Garfield,OK,34.2,17313,16.2,53.4,660
Garvin,OK,37,14247,20.6,32.9,293
Grady,OK,33.4,13639,19.3,38.1,436
Grant,OK,39.5,18994,12.8,5.5,116
Harmon,OK,37.7,15279,33.9,6.7,175
Harper,OK,39.2,20769,10.7,3.8,156
Haskell,OK,38,11755,25.5,19.1,164
Hughes,OK,40.5,12361,26.4,15.9,231
Jackson,OK,29.7,13679,19.5,35.7,511
Jefferson,OK,38.7,14284,23.5,9.2,200
Johnston,OK,35.3,10917,26.7,15.7,179
Kay,OK,35.6,18563,15,53,467
Kingfisher,OK,34.1,16336,12.1,14.4,239
Kiowa,OK,37.8,14718,26.2,10.9,482
Latimer,OK,33.8,12034,24.9,14.5,240
Lincoln,OK,34.8,13389,17.6,30.7,177
Logan,OK,32.6,15221,18.7,39.6,319
Love,OK,36.1,13565,17.2,16.3,283
McClain,OK,34.3,15063,13.8,41.1,303
McCurtain,OK,33,12861,31.4,18.1,413
McIntosh,OK,42.3,12384,24.9,27.6,287
Major,OK,37.3,15419,13.3,8.2,283
Marshall,OK,41,13320,20.5,30.2,308
Mayes,OK,35.6,13565,20.2,52.3,211
Murray,OK,38.2,12737,21.3,28.9,282
Muskogee,OK,34.3,13730,22.7,84.5,625
Noble,OK,35.1,15276,15.9,15.2,160
Nowata,OK,38.4,13480,19.6,17.3,366
Okfuskee,OK,36.1,11634,29.4,18.1,246
Oklahoma,OK,32.5,19131,17.5,861.8,938
Okmulgee,OK,35.5,13311,25.1,52.8,485
Osage,OK,34.9,13265,17.7,18.7,281
Ottawa,OK,37,14563,21.5,64.7,346
Pawnee,OK,36.2,13687,17.1,27.4,266
Payne,OK,26.9,14640,17.8,91.1,427
Pittsburg,OK,37.5,13334,20.7,32.1,313
Pontotoc,OK,34.2,13844,21.8,47.1,389
Pottawatomie,OK,33.4,14211,20.5,75.4,468
Pushmataha,OK,38.6,10975,30.2,7.9,326
Rogers,OK,33.9,15936,11.4,85.8,267
Seminole,OK,36.3,13157,27.3,39.1,380
Sequoyah,OK,33.4,12828,23.6,51.3,157
Stephens,OK,37,14609,17.8,49.1,343
Texas,OK,32.8,18877,12.4,8,231
Tillman,OK,36,13893,25.6,11.6,436
Tulsa,OK,32.7,20716,17,909.7,709
Wagoner,OK,32.9,14277,14.2,87.7,230
Washington,OK,36.7,21320,12.4,115.9,411
Washita,OK,36.8,13746,20.8,11.5,130
Woods,OK,37.5,17485,16.8,7,182
Woodward,OK,33.3,14130,15.4,15.2,295
Baker,OR,37.9,15167,15.6,5.1,454
Benton,OR,29.3,17954,11.1,106.6,446
Clackamas,OR,35.1,21349,7.7,158.9,472
Clatsop,OR,35.9,17908,13.9,41.3,469
Columbia,OR,34.8,17103,8.8,59.8,267
Coos,OR,37.6,15980,17,38.7,465
Crook,OR,35.8,15994,10.9,5.1,322
Curry,OR,44,16933,13.9,12.2,405
Deschutes,OR,35.9,18792,10.6,27.8,526
Douglas,OR,36,15567,15.6,19.1,382
Grant,OR,36.4,16209,12.3,1.7,291
Harney,OR,35.7,15956,12.8,0.7,213
Jackson,OR,36.7,17347,14.4,55.4,512
Jefferson,OR,31.4,15205,17.4,8.1,361
Josephine,OR,39.9,15101,19.1,40,518
Klamath,OR,34.9,15491,17.1,9.9,292
Lake,OR,36.3,16176,13.1,0.9,179
Lane,OR,33.9,17285,15,63.9,536
Lincoln,OR,39.6,16573,14.7,41.7,575
Linn,OR,34.8,15776,14.3,41.3,587
Malheur,OR,33.7,14734,21.5,2.7,416
Marion,OR,33.7,16963,14.9,202.4,654
Morrow,OR,33.6,14914,7.3,4,352
Multnomah,OR,34.2,21737,15,1382.5,998
Polk,OR,34.2,15702,12.1,71.4,491
Tillamook,OR,40.4,15125,12.8,20.2,347
Umatilla,OR,33.2,15331,17.1,19,377
Union,OR,34,15997,14,11.8,317
Wallowa,OR,37.8,17339,11.9,2.3,271
Wasco,OR,36.9,16901,13.4,9.4,554
Washington,OR,32.7,21336,8.1,468.1,402
Yamhill,OR,32.8,16685,12.6,96.8,403
Adams,PA,33.5,17959,7.4,156.3,170
Allegheny,PA,36.7,23541,12.8,1826.5,408
Armstrong,PA,36.6,15964,14,113.1,113
Beaver,PA,37,16872,13.7,432.1,195
Bedford,PA,35.7,14071,14.5,47.8,150
Berks,PA,35.4,20786,11.2,399.2,353
Blair,PA,36.2,16405,15.1,249.9,213
Bradford,PA,34.6,15632,14.3,53.6,203
Bucks,PA,33.7,23983,5.4,912.3,261
Butler,PA,34,18661,9.3,198.7,196
Cambria,PA,37.4,16281,14.6,235.7,176
Cameron,PA,37.3,17464,11.9,14.6,309
Carbon,PA,37.5,16430,10.9,151.9,218
Centre,PA,27,16698,11.8,115,302
Chester,PA,33.8,29020,6.4,512.3,251
Clarion,PA,32.2,15021,16.6,69.7,193
Clearfield,PA,35.6,15681,15.5,68.3,188
Clinton,PA,34.8,15055,14.7,42,243
Columbia,PA,34.1,16155,11.2,131.2,191
Crawford,PA,34.6,15752,16.1,85.7,249
Cumberland,PA,34.6,21803,6,365.3,234
Dauphin,PA,35,21533,11.6,460.3,513
Delaware,PA,34.6,24516,9.5,2978.3,361
Elk,PA,35.4,18302,8.4,42.4,231
Erie,PA,32.9,17971,13.9,347.9,335
Fayette,PA,36.9,15181,22.4,184.9,213
Forest,PA,40.7,13293,14.6,11.2,304
Franklin,PA,35,17856,8.8,160.9,239
Fulton,PA,34.1,13615,11.8,32.4,195
Greene,PA,35.2,14319,20.7,68.9,246
Huntingdon,PA,34.3,13560,14.3,50.6,192
Indiana,PA,31.8,15359,16.9,109.1,173
Jefferson,PA,35.8,16097,14.3,70.6,164
Juniata,PA,34.6,15359,9.8,53.6,90
Lackawanna,PA,37.7,18712,12.7,474.9,223
Lancaster,PA,32.8,20064,9.6,457.4,311
Lawrence,PA,37.3,16072,16.3,268,236
Lebanon,PA,35.2,18394,8.3,319.8,254
Lehigh,PA,35.7,21629,9.2,854.1,393
Luzerne,PA,38.2,18389,12.6,369.8,168
Lycoming,PA,34.8,17115,13.7,97.6,318
McKean,PA,35.9,15721,15.8,49.5,151
Mercer,PA,36.4,16522,14.8,181.7,243
Mifflin,PA,35.7,14560,13.9,113.5,161
Monroe,PA,34,17313,9.3,172.1,367
Montgomery,PA,35.8,31809,5.3,1427.9,303
Montour,PA,35.2,22924,9.3,137.6,102
Northampton,PA,34.9,19834,8.4,673.4,271
Northumberland,PA,37.8,16554,12.6,209,146
Perry,PA,33.4,16134,8.5,76.2,170
Philadelphia,PA,33.2,19108,26.5,11484.1,641
Pike,PA,35.9,16779,8.3,59.4,284
Potter,PA,35.7,15381,16.1,15.6,204
Schuylkill,PA,38.5,16883,10.7,198,138
Snyder,PA,32.6,19097,10.9,112.6,111
Somerset,PA,36.3,16102,15.1,73.2,133
Sullivan,PA,38.2,16078,11.4,13.6,372
Susquehanna,PA,34.9,15997,13.9,49.9,103
Tioga,PA,34.2,14988,15.3,36.8,130
Union,PA,32.5,18115,11.6,115.2,106
Venango,PA,35.8,18712,15.8,87.8,275
Warren,PA,36.3,18750,11.4,50.9,231
Washington,PA,37.5,18840,13.4,240.6,230
Wayne,PA,36.3,16558,12.6,57.3,188
Westmoreland,PA,37.7,18947,11.6,365.5,190
Wyoming,PA,33.1,16423,12,72.5,138
York,PA,34.5,20041,8.2,386.4,327
Bristol,RI,35.8,23664,6.7,1987.9,213
Kent,RI,35.8,20820,7.4,954.1,386
Newport,RI,33.7,20760,8.4,837.7,461
Providence,RI,33.6,19590,15.8,1429.7,544
Washington,RI,32.7,20854,7.8,339.4,285
Abbeville,SC,34.2,13179,15.9,47.4,298
Aiken,SC,32.7,18465,13.8,119.8,501
Allendale,SC,30,10710,34.3,28.9,240
Anderson,SC,34.8,15864,12.9,206.3,522
Bamberg,SC,29.6,11927,27.9,43,376
Barnwell,SC,31.6,14843,21.9,38.5,286
Beaufort,SC,30.1,20091,14.7,155.9,722
Berkeley,SC,28.2,13242,13.2,123.3,410
Charleston,SC,30.1,17903,19.3,330.9,796
Cherokee,SC,33.6,13696,14.4,116.1,297
Chester,SC,33.1,12995,19.1,56.3,468
Chesterfield,SC,33.3,14054,19.2,48.7,389
Clarendon,SC,32.7,11751,29.8,47.3,220
Colleton,SC,32.8,13016,24.1,33.7,612
Darlington,SC,33,14950,21.8,113.1,662
Dillon,SC,30.9,12137,28.4,72.4,635
Dorchester,SC,29.7,15186,12.8,152.4,423
Edgefield,SC,32.6,14162,17.4,37.1,307
Fairfield,SC,32.4,13222,22.2,32.8,612
Florence,SC,32.2,16102,21.4,148,624
Georgetown,SC,32.7,15625,20.9,59.8,615
Greenville,SC,33.4,18720,11.3,412.7,613
Greenwood,SC,33.7,15988,15.3,132.8,582
Hampton,SC,31.1,12698,24.4,33,176
Horry,SC,33.8,16031,17.8,133.7,827
Jasper,SC,30.7,12898,24.3,24,594
Kershaw,SC,34,15706,13.4,61.7,416
Lancaster,SC,33.4,14816,15.8,100.5,557
Laurens,SC,34,15895,16,82.7,412
Lexington,SC,32.6,18242,9.8,253,575
Marion,SC,32,12722,26.3,70.5,477
Marlboro,SC,31.8,11561,24.1,62.5,668
Newberry,SC,34.2,14141,16.7,53.3,377
Oconee,SC,35.5,16369,12.1,94.1,308
Orangeburg,SC,31.1,13746,25.6,78.5,706
Pickens,SC,30.4,14528,12.1,198.8,350
Richland,SC,30.4,18576,17.6,388.5,763
Saluda,SC,34.6,14242,17.7,36.6,168
Spartanburg,SC,34,16656,14.4,287.1,732
Sumter,SC,29.6,13284,21.9,155.8,740
Union,SC,35.3,13225,15.6,59.3,260
Williamsburg,SC,30.6,11946,28,39.6,322
York,SC,32.2,17867,12.4,200.4,641
Aurora,SD,38.6,15709,12.9,4.2,110
Beadle,SD,35.5,17581,12.5,14.3,183
Bennett,SD,29.2,12930,33.4,2.6,142
Brookings,SD,26.3,15311,12.9,32.5,235
Brown,SD,33,18852,11.8,20.8,336
Brule,SD,32.6,15661,17.4,6.8,189
Butte,SD,34.4,13680,15.4,3.7,197
Clay,SD,24,15066,20.5,32.1,468
Codington,SD,32.9,17526,10.9,33.9,300
Custer,SD,36.7,16674,12.4,4,479
Davison,SD,33.6,18410,13.7,40.4,488
Day,SD,38.7,15905,18.5,6.6,55
Deuel,SD,38.9,14191,13.6,7.2,153
Douglas,SD,36.8,15429,13.9,8.5,51
Edmunds,SD,40.1,18892,11.9,3.8,58
Faulk,SD,39.5,20175,11.1,2.7,48
Gregory,SD,38.1,16836,19.2,5.2,44
Haakon,SD,31.9,19775,11.1,1.4,135
Hand,SD,38.1,18741,12.9,3,88
Hughes,SD,33.3,18422,10.7,20.5,588
Hutchinson,SD,41.7,17190,12.8,10,17
Hyde,SD,39.4,17091,14.5,2,47
Jackson,SD,30,11308,31,1.5,154
Jerauld,SD,40.4,20980,13.5,4.5,25
Lake,SD,33.8,17062,12,19,255
Lawrence,SD,32.4,16237,11.2,26.7,371
Lincoln,SD,33.2,19139,6.9,27.5,106
McCook,SD,38.3,15898,11.9,9.7,93
McPherson,SD,47,18358,13.2,2.7,10
Marshall,SD,38.9,21118,14.2,5.7,152
Meade,SD,29.8,14953,10.5,6.7,244
Miner,SD,38.9,18229,17,5.4,204
Minnehaha,SD,31.4,20634,9.2,160.7,391
Moody,SD,34.1,17605,12.3,12.9,237
Pennington,SD,30.1,17754,14.8,30.5,560
Perkins,SD,38.6,20145,12.5,1.3,79
Potter,SD,38.9,20511,12,3.6,61
Sanborn,SD,36,17890,14.3,4.9,29
Spink,SD,36.2,21184,14.8,5.3,97
Tripp,SD,34.5,15843,19.9,4.3,387
Turner,SD,39,19850,12.1,13.9,53
Union,SD,35,19703,11.3,22.6,281
Walworth,SD,39.7,18281,17.3,8.2,221
Yankton,SD,33.5,17911,12.6,38.2,310
Anderson,TN,36.5,18348,15.7,208.6,247
Bedford,TN,34.9,15529,16,67.1,210
Blount,TN,36.1,16663,13.7,162,124
Bradley,TN,33.2,16804,15.6,230.2,314
Campbell,TN,35,11808,28,74.2,85
Cannon,TN,35.4,14321,15.4,40.6,50
Carroll,TN,37.3,14723,16.9,46.4,118
Carter,TN,36.2,12828,19.9,152.4,102
Cheatham,TN,32.1,14741,11.9,94.8,32
Chester,TN,32.8,11684,19.8,45.1,61
Claiborne,TN,34,12582,24.7,62.2,54
Cocke,TN,35.2,13266,25.2,67.7,194
Coffee,TN,35,17455,16.1,97,220
Crockett,TN,36.3,15881,19,50.5,200
Cumberland,TN,37.5,13175,18.6,53.8,107
Davidson,TN,32.6,22519,18,1029.5,990
Dickson,TN,33,15314,15.9,74.5,122
Dyer,TN,34.4,16466,18.5,68.2,462
Fayette,TN,32.3,14320,25.1,37,61
Fentress,TN,34.6,12220,29.3,29.9,115
Franklin,TN,35.1,14561,16.1,63.8,138
Gibson,TN,37.1,15719,17.4,77.3,333
Giles,TN,35.6,16013,15.9,43.7,303
Grainger,TN,34.7,11969,20.7,63.1,238
Greene,TN,36.4,13842,19.5,91.7,234
Hamblen,TN,35.1,15960,16.3,319.3,342
Hamilton,TN,34.7,20082,17.7,531.4,674
Hardeman,TN,32.9,13102,24.1,35.7,245
Hardin,TN,36.3,12852,23.4,40.7,90
Hawkins,TN,35.4,14624,18.4,94.3,114
Haywood,TN,32.8,14871,27.6,36.6,349
Henderson,TN,35.6,13429,16.1,42.5,172
Henry,TN,39.2,15205,18.6,50.6,137
Hickman,TN,35,12670,18.1,28.7,59
Houston,TN,37.7,11824,18.2,36,56
Humphreys,TN,36.4,13853,15.4,29.9,130
Jefferson,TN,35.4,14072,16.8,126.7,187
Knox,TN,33.7,19585,15.5,682.8,621
Lake,TN,34.1,11964,33.2,44.7,14
Lauderdale,TN,32.8,13389,23.9,50.4,25
Lawrence,TN,34.2,15112,15.7,59,257
Lewis,TN,34.6,12532,20.7,34.7,114
Lincoln,TN,35.5,14868,15.9,50,295
Loudon,TN,36.4,15926,14.2,145.2,7
McMinn,TN,35.3,14392,17.5,101.1,207
McNairy,TN,37.2,13998,20,40.3,115
Macon,TN,34.5,13641,19,53.1,45
Madison,TN,33,17255,18.5,144.1,869
Maury,TN,34,16424,14.1,97.4,394
Meigs,TN,35,12460,17.9,43.1,200
Monroe,TN,34.6,12530,21.4,49.3,167
Montgomery,TN,28.5,14736,14.5,204.6,536
Morgan,TN,33.2,11366,22.9,33.7,1
Obion,TN,36.1,16808,17,58.2,312
Overton,TN,36.6,11829,19.8,41.1,60
Perry,TN,37.8,12712,17.4,16.4,37
Polk,TN,36.3,13452,17.9,31.7,4
Putnam,TN,32.3,16243,16.9,132.4,208
Rhea,TN,34.6,13146,19.7,80.1,100
Roane,TN,37.4,16019,17,132.7,191
Robertson,TN,33.1,15528,12.8,91.7,328
Rutherford,TN,29.8,18132,11.6,207.9,475
Scott,TN,31.8,11775,30.5,35.3,45
Sevier,TN,35.4,15903,16.1,92.2,159
Shelby,TN,31.3,20491,22.3,1116.8,778
Smith,TN,35.2,14758,15.5,46.1,37
Stewart,TN,38.7,12375,15.4,22.1,69
Sullivan,TN,36.9,17699,16.1,354.7,389
Sumner,TN,33.2,17634,11,203.6,310
Trousdale,TN,36.3,12391,16.8,52.5,170
Unicoi,TN,37.9,14752,17.2,90.3,183
Warren,TN,35,14619,18.2,77.4,360
Washington,TN,34.7,17210,16.1,290.9,402
Wayne,TN,34.8,11888,21.1,20.8,9
Weakley,TN,33,14301,15.8,55,168
White,TN,36.7,13185,18.5,54.4,69
Williamson,TN,34.1,26526,6.8,151.9,216
Anderson,TX,31.4,12766,20.8,44.9,416
Andrews,TX,29.4,14508,16.4,9.7,471
Angelina,TX,32.3,15750,18.5,89.8,516
Aransas,TX,38.1,15301,22.4,75.8,771
Archer,TX,34.7,17466,11.1,8.5,78
Armstrong,TX,38.4,20205,10.1,2.1,79
Atascosa,TX,30.4,12758,25.3,25.6,216
Austin,TX,35.7,17000,14.6,31.9,239
Bandera,TX,40.3,17481,12.3,14,280
Bastrop,TX,33.4,14327,16.5,44.6,363
Baylor,TX,42.9,17516,19.7,4.9,84
Bee,TX,29.6,12925,28.2,27.8,355
Bell,TX,27.8,16026,15.8,180.2,592
Bexar,TX,30,17196,22.7,987.4,1019
Blanco,TX,38.8,16812,12.4,9.1,222
Bosque,TX,41,15115,17.2,15.6,151
Bowie,TX,34,16631,17.7,92.7,528
Brazoria,TX,31.1,17489,12.3,146.4,378
Brazos,TX,24,13840,19.9,213.6,621
Brewster,TX,32.4,13876,21.8,1.4,297
Brooks,TX,30.2,10632,38.2,8.7,201
Brown,TX,35,14232,19.4,36.2,541
Burleson,TX,35.4,14736,18.6,20.9,405
Burnet,TX,40,17141,16.9,23.3,274
Caldwell,TX,30.7,13065,22.7,49.3,397
Calhoun,TX,32.7,14370,17.8,39,550
Callahan,TX,36.7,14280,16.5,13.2,69
Cameron,TX,27.4,10618,38.5,307.9,705
Camp,TX,36.1,18077,21.3,51.1,459
Carson,TX,34.5,18943,8,7,208
Cass,TX,35.7,14514,20.5,32.1,207
Castro,TX,28.4,18797,26.3,9.8,249
Chambers,TX,32.7,16774,12.3,34.2,355
Cherokee,TX,35,15139,22.8,38.6,338
Childress,TX,39.5,16340,22.7,8.9,276
Clay,TX,37.3,15949,11.8,8.8,224
Cochran,TX,30.1,17038,28.6,5.4,462
Coke,TX,44,15120,15.9,3.8,168
Coleman,TX,41.6,14375,23.4,7.5,162
Collin,TX,30.9,24875,6.3,342.6,545
Collingsworth,TX,38.4,16293,24.4,3.8,249
Colorado,TX,37.4,16721,19.3,19.1,499
Comal,TX,36.7,19672,12.3,98.5,546
Comanche,TX,41.4,16220,20.7,14.3,102
Concho,TX,35.9,15145,22.6,3,177
Cooke,TX,34.2,15842,16.5,35.5,379
Coryell,TX,25.4,10858,13.9,61.2,312
Cottle,TX,41.2,17101,25.9,2.3,186
Crane,TX,29.8,13602,14.2,5.9,335
Crockett,TX,33.1,15609,21.2,1.5,161
Crosby,TX,32.6,14172,29.2,8,93
Dallas,TX,30.6,23576,18.3,2168.7,985
Dawson,TX,32.7,15682,28.1,15.6,423
Delta,TX,39.7,15897,21.4,17,247
Denton,TX,29,19511,8.4,331.7,593
Dickens,TX,42.3,15111,26,2.8,468
Dimmit,TX,27.8,9294,40.3,7.9,498
Donley,TX,42,17663,20.8,3.9,222
Eastland,TX,39,14511,21.6,19.4,365
Ector,TX,30.2,14651,21.9,135.2,991
Ellis,TX,31,17037,14.4,93.8,543
Erath,TX,30.7,16368,18.1,26.1,324
Falls,TX,35.1,13542,28,22.9,399
Fannin,TX,38.8,15852,18.7,27.5,317
Fayette,TX,39.3,18521,14.8,21.4,108
Fisher,TX,39.3,15734,18.5,5.1,117
Floyd,TX,32.5,17173,27.4,8.6,205
Foard,TX,40.9,18972,17.9,2.4,82
Franklin,TX,37.8,15736,16.2,28,151
Freestone,TX,36.6,15355,18.6,17.7,297
Frio,TX,28.5,10588,35,13.4,355
Gaines,TX,27.8,13458,23.1,9.5,288
Galveston,TX,32.6,18845,15.9,569.9,779
Garza,TX,32.9,14202,22.6,5.6,310
Gillespie,TX,42.1,17428,12.8,16.9,204
Goliad,TX,35.9,14255,19.5,7,110
Gonzales,TX,34,15722,26.7,16.1,322
Gray,TX,36.1,19526,14.2,25.3,634
Grayson,TX,35,17414,15.9,102.2,617
Gregg,TX,32.8,18868,17.5,393.7,789
Grimes,TX,32.5,13053,23,24.4,229
Guadalupe,TX,32.4,15648,16.7,93.8,406
Hale,TX,29.6,14386,23.4,35.1,535
Hall,TX,42.9,14564,27.7,4.3,87
Hamilton,TX,43.5,17670,18.4,9.1,213
Hansford,TX,32.9,28881,11.8,6.1,245
Hardeman,TX,38.9,16422,19.1,7.2,328
Hardin,TX,33.1,15724,14.2,48.5,278
Harris,TX,30.3,22285,19.4,1713.1,746
Harrison,TX,32.9,15152,20.5,63.6,515
Haskell,TX,40.4,16106,21.6,7.4,185
Hays,TX,26.6,15089,16,100.9,456
Hemphill,TX,33.7,21424,8.2,3.8,154
Henderson,TX,38.9,14530,18.7,68.5,407
Hidalgo,TX,26.1,9827,41.1,268.5,742
Hill,TX,37.9,14510,21.9,28.6,416
Hockley,TX,29.1,14475,18.9,27.1,313
Hood,TX,37,19413,11.9,73.5,317
Hopkins,TX,34.4,16596,17.3,37.1,423
Houston,TX,36,15626,25.2,17.4,293
Howard,TX,34,15700,20.7,35.6,455
Hunt,TX,33.7,16441,17.8,77.3,646
Hutchinson,TX,34.1,18576,13,28.5,305
Jack,TX,37.1,15138,17.5,7.4,203
Jackson,TX,35.7,16767,18.9,15.7,215
Jasper,TX,35,15476,20,33.5,233
Jefferson,TX,33.4,18927,19.6,269.1,955
Johnson,TX,32.1,15701,14.1,137.4,363
Jones,TX,36.5,14560,22.7,17,314
Karnes,TX,33.6,13263,28.6,16.3,65
Kaufman,TX,32.9,15953,16.2,69.1,479
Kendall,TX,36.8,21665,9.9,24,342
Kent,TX,40.4,14408,12.7,1.1,30
Kerr,TX,40.5,19261,16.3,34,382
Kimble,TX,41,15400,17.9,3.3,273
Kleberg,TX,27.7,13037,26,34.8,586
Knox,TX,37.7,15689,22.8,5.6,56
Lamar,TX,35.1,16419,19.9,48.3,749
Lamb,TX,34.1,15923,24.5,14.6,241
Lampasas,TX,35.4,14560,17.7,19.2,318
Lavaca,TX,39.3,16587,15,19.2,158
Lee,TX,33.6,15686,13.5,20.7,248
Leon,TX,37.6,15712,18.6,12.1,183
Liberty,TX,32.5,15362,18.9,47.2,359
Limestone,TX,36.2,15036,22.3,22.9,441
Llano,TX,55.4,17796,13.3,12.6,215
Lubbock,TX,28.8,17029,21,249.6,691
Lynn,TX,32.5,17146,27.1,7.5,143
McCulloch,TX,38.1,15567,26.1,7.9,364
McLennan,TX,31.1,16295,21.3,184.2,734
Madison,TX,29.9,14738,28.1,23.6,347
Marion,TX,39.8,13475,27.1,26.2,489
Martin,TX,30.7,13688,21.7,5.4,151
Mason,TX,42.4,16486,21.6,3.6,118
Matagorda,TX,31.4,15360,20.9,34,720
Maverick,TX,25.6,7666,44.8,31.8,687
Medina,TX,33.1,13759,20.7,21.5,394
Menard,TX,41.7,15103,27,2.5,161
Midland,TX,31,23009,15.5,123.3,584
Milam,TX,35.8,15344,21.7,22.6,343
Mills,TX,42.8,16374,19.6,6,13
Mitchell,TX,37.3,15206,23.1,8.5,317
Montague,TX,39.6,15880,17.5,18.6,290
Montgomery,TX,32.1,18743,12.8,194.4,451
Moore,TX,29.3,16964,12.5,20,282
Morris,TX,35.7,14719,20.6,50.7,284
Nacogdoches,TX,27.6,14783,21.8,58,449
Navarro,TX,34.2,15810,21.1,37.2,580
Newton,TX,33.5,11955,23.6,14.5,133
Nolan,TX,34.4,14886,21.7,17.8,540
Nueces,TX,30.5,17153,22.7,359,973
Ochiltree,TX,31.5,19312,13,9.6,282
Orange,TX,32.9,16027,15.6,232.3,540
Panola,TX,34.6,14225,18.2,27.7,257
Parker,TX,33.6,16859,12.5,75,310
Parmer,TX,30.4,21326,19.6,11.3,240
Pecos,TX,29.6,11471,27,3,384
Polk,TX,39.8,14895,20,31.6,439
Potter,TX,31.3,16740,23.7,109.5,843
Rains,TX,38.2,13561,14,30.2,296
Randall,TX,32.3,19109,8.6,100.1,710
Reagan,TX,26.9,11073,14,3.9,146
Reeves,TX,29.1,11780,30.1,5.9,474
Refugio,TX,35.1,18812,21.3,10.3,249
Robertson,TX,34.2,14379,25.9,17.9,301
Rockwall,TX,33.1,22814,7.9,225.2,386
Runnels,TX,37,14895,18.9,10.4,218
Rusk,TX,35,15679,19.5,47.5,525
Sabine,TX,46.8,14447,18,19.6,236
Schleicher,TX,33.4,13435,19.2,2.3,250
Scurry,TX,32.6,14567,17.9,20.8,320
Shackelford,TX,37.3,18336,15.8,3.6,118
Shelby,TX,36.5,15497,23.3,27.6,390
Sherman,TX,34.4,37070,10.3,3,82
Smith,TX,33.2,18888,17.6,166.5,825
Somervell,TX,31.7,16877,14.5,29.4,371
Starr,TX,23.9,6118,49.9,36.7,267
Stephens,TX,37.1,15354,19.7,9.6,274
Sterling,TX,30.3,13253,13.7,1.6,113
Stonewall,TX,38,18088,15.4,2.2,130
Sutton,TX,32.4,15561,17.3,2.9,400
Swisher,TX,34.2,21608,24.8,9.2,317
Tarrant,TX,30.5,20732,13.7,1410.4,944
Taylor,TX,30.2,16931,17.6,132,475
Terry,TX,31.3,15271,24.1,14.6,578
Titus,TX,32.7,16700,20.1,59.7,510
Travis,TX,29.5,20253,14.8,618.5,989
Trinity,TX,41.2,14071,21.8,16.6,293
Tyler,TX,39.8,13705,19.7,19.4,262
Upshur,TX,34.2,14369,19.1,55.1,290
Upton,TX,29.8,15353,18.4,3.4,202
Uvalde,TX,29.9,12621,32.7,15.5,187
Victoria,TX,31.6,18422,18.1,87.2,765
Walker,TX,30.3,11687,21.2,66.8,429
Waller,TX,28.2,15343,22.8,47.7,584
Ward,TX,30.5,14421,19.9,15,327
Washington,TX,34.2,18656,16.2,43.7,336
Webb,TX,25.5,10459,36.1,44.2,702
Wharton,TX,32.6,15625,20.5,36.7,578
Wheeler,TX,38.6,19117,17.6,6.1,171
Wichita,TX,31.7,17824,16.9,191.7,801
Wilbarger,TX,35.2,16950,17.9,15.1,616
Willacy,TX,27.5,9188,41,30.7,440
Williamson,TX,30.1,17284,9.6,136.3,385
Wilson,TX,32,14234,17.1,29.5,277
Winkler,TX,31.1,13618,18.8,10.1,222
Wise,TX,33.5,15658,14.3,39.6,287
Wood,TX,39.6,15174,17.8,46.3,254
Yoakum,TX,29,16283,16.2,11,186
Young,TX,36.4,18479,16.7,19.2,363
Beaver,UT,31.9,13398,12.8,1.9,249
Cache,UT,23.7,13707,11.4,62.9,355
Carbon,UT,30.8,15205,16.1,13.7,293
Davis,UT,24.7,15074,8,655.5,333
Duchesne,UT,25,13030,20.5,4,363
Iron,UT,24.5,12230,16.4,6.7,401
Juab,UT,28.9,12799,11.2,1.7,331
Kane,UT,30.8,13836,15.6,1.3,340
Millard,UT,26.2,12256,14,1.8,149
Sanpete,UT,24.2,11218,18,11.1,257
Sevier,UT,29,12826,15.4,8.3,408
Tooele,UT,28.3,14674,10.8,4,380
Uintah,UT,26.1,11667,16.2,5.2,377
Utah,UT,22.5,13045,13,137.9,421
Wasatch,UT,27.2,13975,8.9,9.1,312
Washington,UT,28.4,12998,13.5,22.9,392
Weber,UT,28.8,16490,12.9,286.1,618
Accomack,VA,37.6,15365,23.3,70.4,134
Albemarle,VA,31.7,22463,8.6,152.6,172
Amherst,VA,35,14019,12.2,61,242
Arlington,VA,33.8,32945,8.7,6637.1,627
Bedford,VA,35.7,17847,8.3,73.4,108
Botetourt,VA,36.8,17340,7.2,47.4,154
Brunswick,VA,34.2,12238,22.9,28.6,150
Buckingham,VA,35.1,13997,21.8,22.4,169
Campbell,VA,34.1,17675,12,227.8,107
Caroline,VA,33.2,15189,14.6,37.6,214
Charlotte,VA,36.5,13764,18.8,25.1,186
Chesterfield,VA,31.9,22057,6.6,532.8,378
Clarke,VA,36.5,20484,9.6,68,192
Culpeper,VA,33,18083,11.7,76.3,308
Dickenson,VA,34,13762,24.9,53.5,96
Essex,VA,37.6,16818,14.3,34.5,390
Fairfax,VA,33.1,31291,6,2228,317
Fauquier,VA,33.1,24818,7.1,78,200
Floyd,VA,37.8,13989,13.6,32.2,79
Franklin,VA,35.1,15121,12.2,59.2,144
Frederick,VA,33,18161,8.2,170.3,185
Giles,VA,38.1,15018,12.2,45.8,109
Gloucester,VA,33.5,17054,11,144.5,166
Halifax,VA,36.9,14472,16,44.7,145
Hanover,VA,34.5,20331,5.3,142.6,256
Henrico,VA,33.9,24193,7.9,951.3,449
Henry,VA,35.2,17485,12.6,189.9,193
Lancaster,VA,45.5,23256,16,82.6,150
Lee,VA,35.4,12327,30.4,55.6,93
Loudoun,VA,31.6,25669,4.2,181.2,237
Louisa,VA,34.8,15844,12.9,43.2,154
Madison,VA,35.6,14657,13.3,37.3,113
Mathews,VA,43.1,19920,11.2,98,79
Mecklenburg,VA,37.4,15070,16.2,47.4,347
Middlesex,VA,42.8,18730,13.7,68.3,208
Montgomery,VA,25.6,13742,16.6,233.7,341
Nelson,VA,37.1,15409,15.2,27.5,73
Northampton,VA,37.5,15457,27.7,62.7,225
Nottoway,VA,36.7,14719,19.8,48,285
Orange,VA,36.4,16145,10.1,65.6,154
Page,VA,36.2,15121,13.1,71.7,138
Patrick,VA,38,14393,13.8,36.4,243
Pulaski,VA,36.6,14220,15,107,287
Richmond,VA,37.9,15611,17.5,38.1,133
Roanoke,VA,37.3,21923,5.9,416.9,229
Rockingham,VA,34.5,17480,9.3,107,61
Russell,VA,34.6,13406,21.6,60.7,66
Scott,VA,38.2,13686,19.6,43.2,109
Shenandoah,VA,37.4,16526,11.3,63.3,164
Smyth,VA,36.5,14728,17.1,72.6,208
Southampton,VA,33.8,17015,17.8,42.7,102
Spotsylvania,VA,30.9,18951,6.7,208.6,264
Stafford,VA,29.9,17390,5.6,256.3,236
Sussex,VA,35.3,15695,20.8,20.8,283
Tazewell,VA,35.4,14899,19.4,90,160
Warren,VA,34,16489,11.1,129.6,247
Washington,VA,36.8,16089,15.1,115.2,117
Wise,VA,33.9,16099,23,109.3,154
Wythe,VA,36.3,14652,19.5,55.5,181
York,VA,32.8,20841,5.5,550.3,276
Alexandria,VA,33.5,32128,10.2,7542.5,658
Chesapeake,VA,31.3,17920,10,486.1,541
Hampton,VA,30.8,16461,14.2,2640.9,604
Norfolk,VA,27.4,16425,25.3,4721.2,925
Portsmouth,VA,31.7,16082,22,3148,912
Richmond,VA,33.2,25500,25.3,3301.2,1182
Roanoke,VA,35.2,19850,19.8,2244.8,796
Suffolk,VA,33.6,17329,18.1,132.7,590
Addison,VT,31.6,16877,12.2,43.9,144
Bennington,VT,34.9,19934,12.7,52.9,141
Caledonia,VT,33.5,16193,15.5,43.5,151
Chittenden,VT,30.3,21509,9.8,248.6,296
Franklin,VT,31.7,16169,13.9,65,130
Orange,VT,33.1,15532,12.6,38.9,47
Orleans,VT,34.2,15433,18.5,35.2,208
Rutland,VT,34.3,17943,12.7,67.2,188
Washington,VT,34.2,18683,11.2,80.5,124
Windham,VT,34.5,20224,12.1,52.7,128
Windsor,VT,36,19854,11.3,56,176
Adams,WA,30.7,18054,18.2,7.4,576
Asotin,WA,34.9,16722,16.4,29.2,508
Benton,WA,32.1,20199,10,70.6,490
Chelan,WA,35.1,19537,15.9,18.5,704
Clallam,WA,38.4,18452,13.2,34.2,410
Clark,WA,32.9,19377,10.8,414.9,431
Columbia,WA,39,19053,15.5,4.6,735
Cowlitz,WA,34.3,18106,13.9,74.7,422
Douglas,WA,33.5,16721,11.6,15.7,378
Ferry,WA,32.8,13918,17.4,3,319
Franklin,WA,28.7,15733,21.4,32.6,669
Garfield,WA,41.1,19406,9.7,3.2,370
Grant,WA,31.9,16023,17.7,22,579
Island,WA,32.2,17346,7.6,312.1,189
Jefferson,WA,41.1,19333,12.3,12.4,398
King,WA,33.7,27740,9.9,733.5,812
Kitsap,WA,31.8,18603,9.5,532.6,432
Kittitas,WA,30.2,16190,14.5,12.2,633
Klickitat,WA,34.5,16317,17.8,9.2,285
Lewis,WA,34.9,16893,15.6,25.6,459
Lincoln,WA,39.3,20562,10.7,3.9,176
Mason,WA,36.9,15392,13.4,44.2,454
Okanogan,WA,35,16730,21,6.5,500
Pacific,WA,40.3,16265,16.9,20,298
Pierce,WA,31.3,18549,12.9,369.7,676
Skagit,WA,35.6,19127,12.4,49.8,529
Skamania,WA,33.7,17005,13,5.2,459
Snohomish,WA,32.2,20537,9,239.6,411
Spokane,WA,33,18155,13.4,216.6,618
Stevens,WA,34.5,14743,15.8,13.5,317
Thurston,WA,33.7,19912,10.4,242.9,429
Wahkiakum,WA,40.2,17616,10.5,13.2,294
Whatcom,WA,32.7,18152,11.8,65.1,553
Whitman,WA,24.4,14760,14.7,17.8,333
Yakima,WA,31.5,16922,23,46.2,784
Adams,WI,40.2,12485,15.4,25,307
Ashland,WI,33.7,14407,15.8,15.7,342
Barron,WI,34.5,15447,12.6,48.3,234
Bayfield,WI,37.2,14120,14.2,9.6,207
Brown,WI,31.4,19877,8.7,380.9,379
Buffalo,WI,34.9,16046,11.5,20,156
Burnett,WI,39.2,13201,14.2,16.1,273
Calumet,WI,31.3,17598,5.5,110.3,258
Chippewa,WI,33.4,16174,11.3,52.7,233
Clark,WI,33.9,14258,12.7,26.5,144
Columbia,WI,35.2,17418,7.8,60.3,313
Crawford,WI,34.9,14117,13.7,28.1,320
Dane,WI,30.7,22201,8.4,316.3,510
Dodge,WI,33.8,15514,7.6,88.5,278
Door,WI,36.5,18141,9.3,53.7,238
Douglas,WI,34.8,15495,14.6,32.5,563
Dunn,WI,28.5,14274,12.9,43,396
Florence,WI,36.2,13586,11.9,10.2,280
Forest,WI,35.7,12787,17.3,8.8,452
Grant,WI,31.5,15206,11.3,43,210
Green,WI,34.4,18806,8.5,53.4,223
Iowa,WI,33.2,16495,9.5,26.9,142
Iron,WI,42.1,14250,11.7,8.3,260
Jackson,WI,35.5,15323,13.2,17,388
Jefferson,WI,32.8,17588,6.5,124.2,302
Juneau,WI,35.5,14464,12.9,28.9,262
Kenosha,WI,32.5,18065,10.8,491.2,503
Kewaunee,WI,33.7,15826,7,55.4,172
Lafayette,WI,33.6,15690,10.8,25.4,91
Langlade,WI,36.6,15212,13,22.8,399
Lincoln,WI,34.9,14917,9,31.6,325
Manitowoc,WI,34.6,17276,7.8,137.6,309
Marathon,WI,32.7,17860,8.4,76.5,294
Marinette,WI,35.6,15921,11.3,29.2,296
Marquette,WI,39.1,14265,11.4,28.3,316
Milwaukee,WI,32.3,20442,19.4,3944.1,742
Monroe,WI,33.7,14728,12.2,41.8,295
Oconto,WI,35,14014,11.2,30.9,121
Oneida,WI,38.7,17457,10.3,29.4,407
Outagamie,WI,31.4,19882,5.9,224.7,329
Ozaukee,WI,34.6,27218,2.6,327.2,187
Pepin,WI,35.1,15199,10.7,30.6,155
Pierce,WI,29.3,16951,8.1,58.1,226
Polk,WI,34.6,15359,11.8,38.8,211
Portage,WI,29.3,16876,10.8,78.1,401
Price,WI,36.8,16284,11.2,12.5,247
Racine,WI,32.9,20245,10.6,538,555
Richland,WI,35.3,13746,12.9,30.4,199
Rock,WI,33,18642,11,198.3,572
Rusk,WI,35.2,12545,16.6,16.5,287
Sauk,WI,34.2,17661,9,58,307
Sawyer,WI,38.2,13498,18.4,11.9,307
Shawano,WI,35.3,13788,10.6,46.6,282
Sheboygan,WI,33.8,19215,7.3,204.8,417
Taylor,WI,32.3,14133,11.1,19.6,214
Trempealeau,WI,35.7,15154,12.1,34.9,128
Vernon,WI,36.2,13491,13.5,33,117
Vilas,WI,42.9,15453,13,21.3,315
Walworth,WI,33.1,17731,7.9,139.9,321
Washburn,WI,38,14020,13.9,17.4,221
Washington,WI,32.5,20736,3.9,235.6,343
Waukesha,WI,34,25172,3.5,574.9,278
Waupaca,WI,35,17084,8.7,63.4,317
Waushara,WI,38.6,15261,14.6,32.1,266
Winnebago,WI,32.5,19659,7.7,330.4,453
Wood,WI,33.3,19082,9,94.5,307
Barbour,WV,34.9,11945,28.2,46.7,101
Berkeley,WV,33.3,15879,14.9,195.5,393
Braxton,WV,36.4,11924,28.2,25.5,77
Brooke,WV,37.3,14938,15.2,299.2,139
Cabell,WV,35.8,17578,21.3,342.7,537
Fayette,WV,36.2,13248,27.8,72.3,210
Gilmer,WV,33.2,12504,32.3,22.1,163
Grant,WV,35.7,15291,15.6,22.4,82
Greenbrier,WV,37.3,15275,19.9,34.6,118
Hancock,WV,37.7,17743,14.3,421.7,185
Hardy,WV,36.1,14728,15,19.2,133
Harrison,WV,36.9,16101,22.1,168.5,219
Jackson,WV,35.7,13814,20.5,56,143
Jefferson,WV,32.7,17146,13.9,178.4,249
Kanawha,WV,36.7,19720,19.9,229.7,501
Lewis,WV,36.5,13104,26,44.8,141
Lincoln,WV,33.4,10596,32.8,49.4,179
Logan,WV,33.9,14361,27.6,94.2,166
McDowell,WV,34,12045,38.8,63.6,114
Marion,WV,37.3,15491,20.6,186.3,222
Marshall,WV,36.6,14853,18.7,121.5,280
Mason,WV,35.8,13796,22.1,57.7,156
Mercer,WV,36.4,16175,23.9,154.6,277
Mineral,WV,35.3,13944,17.2,82.1,191
Mingo,WV,31.1,14294,30.5,79,176
Monongalia,WV,29.2,17549,17.7,213.7,375
Monroe,WV,37.5,12580,20.1,26.6,79
Morgan,WV,38,14407,15.4,55.9,134
Nicholas,WV,34.7,12733,26,41.6,170
Ohio,WV,37.7,20328,17.7,475.5,262
Pendleton,WV,36.6,14280,16.3,11.5,104
Pleasants,WV,34.9,15742,17.4,57.4,87
Pocahontas,WV,38.5,13703,20.2,9.6,91
Preston,WV,34.5,12975,21.8,45.3,129
Putnam,WV,34.2,16272,12.3,130.8,206
Raleigh,WV,36.1,15586,23.8,127.2,368
Randolph,WV,35.4,13822,24.8,27.2,187
Ritchie,WV,36.4,12457,24.6,22.5,64
Roane,WV,36,11676,27.9,31.2,175
Summers,WV,37.3,11264,29.6,39.3,113
Taylor,WV,35.7,11568,24.4,88,161
Tucker,WV,37.2,13401,18.2,18.6,109
Tyler,WV,36.3,12612,20.1,38,97
Upshur,WV,33.4,12415,25.5,65.1,183
Wayne,WV,35.3,12707,23.7,83,223
Webster,WV,34.8,10297,36.4,18.9,43
Wetzel,WV,36.1,15296,21.6,53.2,154
Wood,WV,36,17736,17.4,238.2,284
Wyoming,WV,33.6,12357,28.3,57.9,140
Albany,WY,26.5,15251,14.9,7.2,522
Campbell,WY,29.2,19679,8.7,6.4,479
Carbon,WY,32.8,18687,11.2,2,386
Converse,WY,31.9,16479,12.1,2.7,425
Crook,WY,33.4,19602,10.3,1.9,215
Fremont,WY,32.9,14797,18.4,3.7,440
Goshen,WY,34.6,17670,18,5.6,308
Hot Springs,WY,38.6,18294,13.3,2.3,366
Johnson,WY,37.6,18504,12.9,1.5,278
Laramie,WY,31.9,19329,11.5,28.1,486
Natrona,WY,32.8,21417,13.6,11.7,667
Niobrara,WY,38.6,19493,16,1,220
Park,WY,33.9,18750,12.2,3.4,361
Platte,WY,36.3,17003,14,3.9,200
Sheridan,WY,36.3,22250,11.6,9.5,275
Sublette,WY,35.4,18748,7.9,1,432
Sweetwater,WY,30.4,19086,7.7,3.9,625
Washakie,WY,34.6,17608,11.7,3.8,313
Weston,WY,34.4,19265,9.4,2.8,167
